LocationID	ApogeeID
0	4264	2M00003968+5722329
1	4548	2M00023179+1521164
2	4548	2M00031620+1514100
3	4120	2M00062867+6955129
4	4590	2M00065508+0154022
5	4590	2M00065658+0013309
6	5038	2M00132431-1410460
7	5067	2M00140613+8541300
8	5038	2M00151077-1416285
9	5067	2M00155291+8507242
10	5046	2M00160071+7403548
11	5038	2M00164080-1346471
12	5067	2M00170781+8551505
13	5038	2M00171366-1436005
14	5038	2M00171482-1510258
15	5038	2M00171810-1453037
16	5038	2M00182381-1511057
17	5038	2M00182768-1412225
18	5046	2M00194158+7350330
19	5038	2M00194821-1524079
20	5038	2M00215362-1447430
21	5067	2M00224443+8448486
22	4119	2M00245632+6731240
23	4243	2M00265252+6359169
24	4120	2M00274757+6956505
25	4256	2M00280680+5558136
26	5097	2M00300613+5719559
27	4256	2M00302865+5553105
28	4119	2M00304380+6752210
29	5097	2M00315685+5743383
30	5067	2M00344379+8522254
31	4256	2M00360002+5519491
32	5067	2M00363416+8529046
33	4250	2M00373811+5912258
34	5067	2M00385579+8605109
35	5097	2M00400630+5644107
36	4476	2M00411929+1718359
37	5067	2M00412224+8428397
38	5049	2M00424339+0347249
39	4217	2M00430905+8407348
40	5135	2M00431061-1125472
41	5067	2M00441812+8516024
42	5135	2M00442548-1143490
43	4476	2M00443313+1734287
44	4476	2M00443463+1719220
45	5135	2M00450744-1122188
46	5049	2M00450988+0418467
47	4476	2M00451272+1846114
48	5049	2M00453126+0217282
49	5049	2M00461801+0314195
50	5067	2M00463801+8441448
51	5049	2M00465778+0235576
52	4476	2M00470197+1751448
53	5113	2M00475434+3924136
54	5113	2M00493192+4026429
55	5049	2M00493470+0356177
56	5049	2M00500064+0237292
57	5135	2M00511245-1324437
58	5113	2M00512463+4034022
59	5113	2M00524843+4117222
60	5135	2M00525268-1211446
61	5113	2M00531758+3917111
62	5099	2M00581292+6332015
63	4217	2M00593409+8503084
64	5099	2M01031300+6145544
65	5099	2M01053914+6251242
66	4414	2M01103850+6655525
67	5058	2M01124427+7438149
68	4217	2M01173510+8617084
69	4318	2M01232188+6220546
70	4477	2M01273255+1554320
71	4318	2M01325477+6205304
72	4217	2M01343480+8456365
73	5136	2M01410040-1811188
74	5136	2M01430161-1657145
75	4425	2M01434427+6604240
76	5136	2M01443396-1749560
77	5136	2M01450899-1801153
78	5111	2M01502985+3818110
79	5111	2M01521669+3815063
80	4472	2M01531032-0131086
81	4472	2M01531397-0206266
82	4472	2M01540092-0306019
83	5060	2M01540426+6221236
84	4472	2M01550987-0302298
85	5111	2M01551917+3749154
86	4472	2M01562189-0223547
87	5060	2M01572718+6300502
88	4472	2M01583450-0349002
89	4416	2M01593686+6533283
90	4416	2M02064174+6556593
91	4309	2M02072992+5427212
92	4309	2M02082405+5454197
93	4478	2M02101477+1256234
94	4478	2M02112068+1356170
95	4478	2M02112972+1313487
96	4478	2M02112973+1359128
97	5138	2M02132398-0519076
98	4309	2M02142206+5422331
99	5138	2M02142396-0438240
100	5138	2M02145818-0512455
101	5138	2M02154713-0452082
102	5138	2M02161345-0624484
103	5138	2M02181589-0405513
104	5138	2M02183775-0349029
105	5138	2M02191633-0630572
106	5138	2M02211174-0625243
107	5138	2M02221362-0549194
108	4271	2M02270767+5924201
109	4271	2M02290160+6124289
110	5050	2M02301066-0847529
111	5078	2M02304751+1109474
112	5050	2M02313915-0724130
113	5050	2M02321538-0731561
114	5056	2M02341898+4658542
115	5050	2M02342325-0828557
116	4271	2M02353225+6048063
117	5050	2M02360422-0902545
118	5050	2M02374642-0831591
119	5112	2M02410821+3813590
120	4479	2M02411197+0727401
121	5112	2M02440872+3711366
122	2045	2M02450567-0021040
123	2045	2M02452851+0119225
124	2045	2M02453568-0006180
125	4479	2M02453726+0813530
126	5139	2M02455385-1310597
127	2045	2M02472690-0012224
128	2045	2M02475375-0018587
129	2046	2M02475652-0109384
130	2046	2M02483216+0040142
131	2046	2M02484712+0043573
132	4479	2M02484723+0719196
133	5112	2M02490823+3709411
134	4479	2M02491256+0815300
135	5139	2M02501196-1251273
136	5089	2M02505788-1622540
137	5112	2M02510025+3830098
138	5089	2M02512773-1649482
139	5089	2M02515474-1832026
140	5089	2M02521673-1622002
141	5112	2M02521895+3812193
142	5061	2M02523349+5909085
143	5089	2M02524754-1637073
144	5089	2M02552957-1701149
145	5089	2M02553173-1831351
146	5089	2M02560347-1615285
147	5089	2M02564291-1619537
148	5089	2M02570266-1654376
149	5089	2M02570326-1827017
150	5062	2M03002780+4516191
151	5062	2M03033759+4507204
152	4551	2M03103688+6312022
153	4428	2M03110855+5251034
154	4551	2M03111284+6312062
155	4480	2M03122509+0021585
156	4319	2M03154267+5704335
157	4480	2M03154293+0158412
158	2049	2M03154774-0115042
159	4480	2M03160020+0009462
160	4205	2M03160395+8020506
161	4480	2M03165649+0218013
162	2049	2M03191419-0049388
163	4480	2M03193359+0100209
164	5144	2M03210130+1928347
165	2049	2M03211751+0007418
166	5144	2M03221246+2102067
167	4554	2M03222918+5134159
168	5144	2M03234624+2130164
169	2051	2M03243521+0050234
170	4471	2M03244182+0932025
171	2051	2M03250179+0026052
172	4587	2M03250916+3126099
173	4587	2M03251775+3046269
174	2052	2M03253087+0124441
175	4471	2M03253827+0734548
176	4471	2M03262324+0827228
177	4471	2M03272650+0900312
178	4587	2M03282360+3221348
179	4587	2M03285425+3037402
180	4587	2M03290740+3110490
181	5144	2M03292078+2003429
182	4587	2M03292204+3124153
183	4587	2M03292369+3125095
184	2052	2M03294819-0030066
185	2094	2M03301875+0059222
186	2094	2M03314168-0048020
187	4144	2M03322813+4728191
188	2094	2M03342664-0044238
189	5101	2M03345631+6419248
190	4144	2M03361242+4651208
191	5101	2M03362922+6214173
192	4144	2M03371290+4634201
193	4205	2M03384453+8016228
194	4205	2M03390336+7926498
195	2095	2M03394693+0053422
196	4205	2M03400255+8001565
197	2095	2M03401920-0118517
198	2095	2M03402591-0124572
199	4311	2M03404577+7137595
200	4586	2M03405779+3118059
201	4144	2M03410899+4543518
202	4259	2M03412688+2401025
203	4259	2M03420001+2501472
204	4259	2M03421090+2405086
205	2054	2M03421921+0034018
206	4259	2M03424022+2359217
207	2054	2M03424119+0117493
208	4259	2M03425653+2404581
209	4259	2M03431306+2439194
210	4586	2M03431992+3202412
211	2095	2M03434673-0109476
212	4259	2M03435284+2517060
213	5063	2M03435512+5517481
214	4586	2M03435638+3209591
215	4586	2M03435812+3213568
216	4205	2M03440461+7917427
217	4586	2M03440750+3204088
218	4586	2M03441558+3209218
219	4259	2M03441644+2337043
220	4259	2M03442338+2521301
221	4259	2M03442467+2451535
222	4586	2M03443165+3206534
223	4586	2M03443482+3211180
224	4586	2M03443569+3204527
225	4586	2M03443732+3207111
226	4259	2M03443777+2255157
227	4586	2M03444144+3213096
228	4586	2M03444173+3212022
229	4586	2M03444464+3207301
230	4586	2M03444495+3213364
231	4586	2M03445561+3209198
232	4586	2M03450783+3102335
233	4259	2M03451698+2515478
234	4259	2M03452118+2343389
235	4259	2M03452772+2310134
236	4586	2M03453230+3203150
237	4259	2M03454440+2413132
238	4259	2M03460429+2355408
239	4259	2M03460958+2242374
240	4259	2M03462538+2409365
241	4259	2M03465259+2338433
242	4586	2M03465851+3246588
243	4586	2M03470122+3234282
244	4586	2M03471855+3152187
245	5171	2M03481526+2342036
246	5051	2M03481859-1011358
247	5051	2M03483467-1010439
248	5171	2M03485734+2419438
249	4152	2M03491989+4915280
250	2303	2M03494383-0512075
251	4152	2M03500305+4920037
252	5051	2M03511180-0938133
253	4259	2M03512664+2504369
254	5051	2M03514262-1139271
255	2303	2M03521126-0449473
256	5162	2M03521852+2451334
257	4152	2M03522636+4916273
258	2303	2M03531784-0517434
259	5051	2M03534283-1049320
260	5162	2M03534382+2413287
261	5162	2M03542795+2350075
262	4152	2M03560117+5003253
263	5162	2M03561202+2403212
264	4205	2M03563567+7857072
265	2303	2M03571705-0436288
266	5145	2M03575528+1051182
267	5162	2M03580376+2340120
268	5145	2M03591349+1131292
269	5103	2M03592603+3738116
270	5162	2M03593006+2420101
271	5145	2M03595389+1218362
272	5162	2M04014394+2507238
273	5162	2M04014490+2556007
274	4151	2M04015510+5336178
275	2097	2M04021541-0553479
276	5162	2M04022440+2441246
277	2097	2M04051669-0510113
278	5103	2M04052852+3736385
279	5145	2M04053766+1136139
280	5145	2M04061897+1042099
281	5145	2M04070873+1047589
282	2097	2M04071794-0704285
283	2097	2M04082291-0606068
284	5161	2M04084893+2326118
285	2097	2M04085152-0617381
286	5161	2M04104481+2335500
287	5161	2M04112218+2214411
288	2097	2M04114902-0514135
289	5161	2M04121153+2317465
290	5161	2M04121599+2243447
291	5161	2M04122244+2422419
292	5161	2M04122407+2311188
293	2097	2M04124233-0543390
294	5057	2M04131512+6703558
295	4153	2M04132385+5511109
296	5102	2M04135110+4938317
297	5161	2M04142584+2414350
298	5161	2M04152483+2358568
299	5079	2M04163818+4034009
300	4556	2M04173043+4406020
301	5161	2M04174609+2401303
302	4556	2M04181465+4443163
303	4153	2M04182393+5423539
304	5160	2M04191385+1928363
305	5160	2M04201047+1841274
306	4153	2M04215749+5410526
307	5160	2M04220827+1915218
308	5149	2M04222563+5933026
309	5160	2M04230642+1909244
310	5160	2M04231198+1730112
311	5160	2M04232616+1901390
312	4153	2M04242736+5458531
313	5160	2M04242753+1813355
314	5160	2M04243058+1859131
315	5160	2M04243847+1858385
316	5160	2M04245567+1744241
317	5160	2M04253483+1823268
318	5160	2M04254747+1818539
319	5160	2M04254894+1852479
320	5160	2M04254988+1917459
321	5160	2M04265461+1758330
322	5082	2M04273190+3058238
323	5082	2M04300075+2957461
324	4325	2M04300665+3520323
325	5148	2M04311419+0041104
326	5148	2M04320745+0008492
327	5148	2M04332043+0034259
328	5148	2M04341161+0008382
329	5148	2M04344348-0014408
330	4597	2M04353924+2728040
331	5148	2M04354096+0006040
332	5148	2M04361973+0047410
333	5148	2M04363658+0043304
334	5148	2M04370293+0026232
335	4121	2M04380659+5839465
336	4121	2M04383523+5717419
337	4325	2M04393682+3553432
338	5104	2M04403927+3306187
339	4121	2M04425598+5641331
340	4257	2M04475318+3844458
341	4257	2M04485954+3749255
342	4555	2M04491848+4954075
343	5065	2M04503647+4519494
344	4121	2M04511439+5747361
345	4257	2M04522027+3931361
346	4257	2M04523015+3925462
347	4272	2M04594994+4041082
348	4560	2M04595013+3638144
349	4555	2M05003852+4942070
350	5106	2M05011401+2230159
351	4272	2M05022965+4142533
352	5106	2M05024263+2151091
353	5106	2M05054051+2255149
354	5106	2M05064830+2150468
355	4122	2M05105162+2513182
356	5114	2M05150150+2333596
357	4122	2M05162317+2312004
358	5114	2M05165815+2406084
359	4122	2M05175081+2458194
360	4145	2M05175320+4354187
361	5114	2M05181584+2408210
362	4145	2M05190968+4415144
363	4122	2M05191931+2341179
364	4562	2M05194502+2905511
365	4122	2M05194803+2404177
366	4122	2M05195099+2443435
367	5085	2M05212181+1250396
368	5175	2M05224331+0328389
369	5175	2M05224790+0241315
370	4145	2M05224865+4246159
371	5114	2M05230414+2425341
372	4562	2M05240556+2947008
373	4155	2M05240837+2711064
374	4592	2M05245445+3821524
375	5175	2M05245661+0236205
376	4559	2M05265314+4131436
377	5175	2M05265958+0246583
378	5170	2M05274357+1247326
379	5085	2M05281251+1337224
380	4145	2M05284223+4359528
381	4155	2M05284986+2645461
382	5170	2M05285853+1045376
383	4321	2M05291630+3549565
384	5175	2M05291961+0326001
385	4321	2M05292628+3555070
386	4155	2M05304951+2532292
387	5169	2M05310482+1034560
388	5170	2M05312170+1202351
389	4155	2M05312674+2759565
390	5175	2M05313758+0226397
391	4611	2M05324119-0504245
392	4612	2M05324407-0529523
393	4612	2M05331152-0453276
394	4612	2M05331624-0613195
395	5169	2M05332758+1009137
396	4612	2M05333021-0604096
397	4559	2M05334627+3958411
398	4612	2M05335130-0451477
399	4611	2M05335326-0456050
400	4611	2M05335972-0506399
401	4612	2M05340313-0554548
402	4611	2M05341634-0449271
403	4611	2M05341743-0530352
404	4611	2M05342386-0515403
405	4613	2M05342626-0646093
406	4612	2M05342767-0537192
407	4611	2M05343087-0425070
408	4611	2M05343394-0528245
409	4612	2M05343487-0611259
410	5169	2M05343516+0927492
411	4612	2M05343903-0455288
412	4611	2M05343976-0524254
413	4611	2M05344239-0512381
414	4289	2M05344507+6223530
415	4611	2M05344556-0529209
416	4612	2M05344641-0454020
417	4612	2M05344662-0510405
418	4612	2M05344823-0447401
419	4611	2M05344882-0523179
420	4611	2M05345143-0513295
421	4611	2M05345220-0440117
422	4613	2M05345240-0611570
423	4611	2M05345249-0449404
424	4612	2M05345276-0500509
425	4611	2M05345418-0528543
426	4611	2M05345563-0601036
427	4611	2M05345701-0523000
428	4611	2M05345923-0544553
429	4611	2M05350085-0509389
430	4611	2M05350162-0433377
431	4611	2M05350326-0449209
432	4612	2M05350463-0509557
433	4611	2M05350504-0432334
434	4611	2M05350682-0510385
435	4611	2M05351002-0441169
436	4613	2M05351077-0651557
437	4611	2M05351113-0536511
438	4612	2M05351121-0517209
439	4612	2M05351214-0531388
440	4612	2M05351236-0543184
441	4611	2M05351567-0517472
442	4613	2M05351580-0646291
443	4612	2M05351755-0453037
444	4613	2M05351798-0604430
445	4612	2M05351873-0518024
446	5169	2M05351974+0947476
447	4613	2M05352060-0617497
448	4611	2M05352093-0540143
449	4611	2M05352262-0514112
450	4612	2M05352658-0456067
451	4611	2M05352940-0438205
452	4611	2M05352989-0512103
453	4613	2M05352992-0644151
454	4612	2M05353046-0519340
455	4612	2M05353091-0518179
456	4611	2M05353154-0540278
457	4611	2M05353168-0530041
458	4611	2M05353361-0528506
459	4612	2M05353561-0529365
460	4611	2M05353645-0421304
461	4611	2M05353907-0508564
462	4611	2M05354081-0521418
463	4612	2M05354107-0449477
464	4612	2M05354197-0528128
465	4612	2M05354311-0424556
466	4613	2M05354337-0622195
467	4612	2M05354463-0450098
468	4613	2M05354593-0625591
469	4613	2M05354764-0621360
470	4612	2M05354955-0424384
471	4613	2M05355767-0638132
472	4611	2M05360185-0517365
473	4612	2M05360641-0441538
474	4611	2M05360704-0534182
475	5169	2M05360859+0953206
476	4611	2M05362130-0520141
477	4611	2M05362873-0542263
478	4612	2M05363704-0504412
479	4614	2M05364069-0652045
480	4612	2M05365078-0459334
481	5173	2M05365170-0210104
482	4613	2M05365233-0706102
483	4613	2M05370134-0647191
484	4593	2M05370453+3112114
485	4614	2M05371161-0723239
486	5105	2M05372450+3117176
487	4613	2M05374145-0633578
488	5105	2M05375674+3145012
489	4614	2M05380160-0722218
490	5173	2M05381104-0256018
491	5173	2M05382752-0243325
492	5173	2M05383137-0154030
493	4326	2M05383316+4556445
494	5173	2M05383848-0234550
495	4614	2M05385236-0721095
496	5173	2M05385948-0138270
497	5173	2M05390008-0218381
498	4326	2M05391675+4539368
499	5173	2M05394528-0143157
500	4564	2M05395208+2231019
501	5173	2M05395293-0224085
502	4614	2M05395827-0737129
503	4615	2M05400129-0920044
504	5173	2M05400592-0203271
505	5173	2M05401082-0211264
506	4615	2M05401358-0828137
507	5173	2M05401834-0212446
508	5173	2M05401975-0229558
509	4615	2M05402047-0911572
510	4615	2M05402073-0755000
511	4326	2M05402330+4617163
512	4614	2M05404467-0729544
513	4615	2M05405530-0813169
514	5169	2M05405838+1107387
515	4615	2M05411524-0752111
516	5173	2M05412833-0213596
517	4615	2M05413037-0912268
518	4615	2M05413338-0759562
519	5173	2M05413819-0146300
520	5173	2M05414451-0157402
521	5173	2M05415257-0203515
522	4431	2M05420795+3849453
523	4615	2M05422393-0809459
524	5172	2M05422853-0042057
525	4326	2M05423918+4552465
526	4615	2M05424913-0820370
527	5172	2M05425558+0032273
528	4615	2M05432464-0813275
529	5172	2M05433351+0112488
530	4615	2M05454652-0810457
531	5172	2M05455935+0029208
532	5086	2M05460266+1442125
533	5172	2M05461313-0006048
534	4154	2M05463489+2738029
535	5172	2M05464194+0020027
536	5172	2M05464235+0012094
537	5172	2M05470726+0019322
538	4599	2M05472048+0223043
539	5172	2M05473190+0133237
540	5172	2M05474500+0038418
541	5172	2M05480297-0028336
542	4599	2M05502340+0420349
543	5080	2M05503012+5258322
544	4566	2M05512611+1933322
545	5151	2M05513819+4211445
546	4290	2M05533254-0421192
547	4156	2M05592230+3203416
548	4156	2M06031425+2949475
549	4156	2M06033949+3135536
550	4156	2M06051239+3006116
551	5177	2M06051587-0558539
552	4258	2M06060612+1336334
553	4156	2M06061420+3001449
554	5177	2M06061979-0614140
555	4258	2M06062902+1349573
556	4258	2M06063324+1430309
557	5177	2M06064222-0544113
558	4156	2M06064279+3129067
559	4418	2M06070703+2418045
560	5177	2M06073849-0608022
561	5177	2M06081498-0635010
562	5177	2M06083071-0555532
563	5177	2M06083832-0643367
564	4418	2M06094745+2423085
565	4595	2M06105094+2036417
566	5177	2M06105476-0606455
567	5177	2M06105630-0640278
568	5177	2M06110287-0543199
569	5177	2M06120298-0731154
570	4149	2M06123407+3159119
571	4573	2M06130913+0640221
572	4565	2M06133561+2433362
573	4604	2M06134179+5644321
574	4123	2M06144376-0118064
575	4595	2M06153889+1942122
576	4601	2M06155982+3958486
577	4149	2M06160851+3259089
578	4123	2M06174372-0139422
579	4573	2M06204873+0722019
580	4273	2M06212323+1701485
581	4149	2M06222070+3326564
582	4567	2M06232739+2123478
583	4158	2M06271438-0004459
584	4146	2M06282903+1810490
585	4266	2M06283925-3222165
586	5088	2M06290653+1118068
587	4158	2M06290694+0058170
588	4146	2M06294483+1642357
589	4605	2M06295087+5118010
590	4266	2M06295728-3210256
591	4158	2M06300433+0118350
592	4158	2M06314851-0033164
593	4146	2M06330041+1633520
594	5083	2M06333254+3426462
595	4411	2M06334992+0440556
596	4158	2M06335007+0001422
597	4605	2M06340628+5038344
598	4411	2M06344417+0553228
599	4411	2M06350057+0428276
600	4278	2M06361902+3308443
601	5090	2M06371523+0605137
602	4323	2M06372176+0949348
603	4572	2M06402926+0926114
604	5159	2M06405533-0028592
605	4572	2M06411484+0932358
606	4572	2M06411893+0927157
607	4157	2M06421342+0159208
608	5159	2M06424469-0046273
609	4292	2M06425155-2355027
610	5159	2M06425173-0105030
611	4157	2M06453172+0329125
612	4397	2M06455133-0020384
613	4157	2M06470468+0136073
614	4569	2M06492106+1742038
615	4157	2M06494013+0225328
616	4602	2M06502133+2755152
617	4574	2M06522785+0715576
618	5108	2M06525427+2545517
619	4569	2M06540094+1734275
620	5108	2M06543813+2333450
621	4606	2M06563892+4319360
622	4569	2M06565845+1606213
623	4583	2M06572820-1218302
624	5108	2M06573455+2456062
625	4607	2M06573841+3600153
626	4159	2M06574218+0433069
627	4324	2M07012946-0308517
628	4159	2M07013062+0505262
629	4576	2M07013743+0049012
630	4583	2M07023378-1157206
631	4607	2M07030889+3630193
632	4607	2M07042921+3611557
633	4576	2M07090093+0203229
634	4608	2M07100305+2955418
635	4253	2M07125169+0710345
636	4578	2M07142035-0258155
637	4608	2M07151462+3144055
638	4603	2M07152278+1409293
639	4253	2M07154275+0621084
640	4603	2M07190696+1448526
641	4253	2M07191806+0556151
642	4608	2M07193494+3110497
643	2070	2M07233350+3918358
644	2071	2M07235876+4058116
645	4582	2M07240918-0854337
646	4609	2M07250686+2435451
647	4609	2M07260412+2233466
648	4609	2M07261441+2237362
649	2071	2M07271566+4148445
650	2071	2M07283071+4300267
651	2072	2M07283967+4333269
652	2071	2M07284209+4146376
653	2071	2M07290697+4218132
654	2072	2M07291016+4412463
655	2070	2M07300562+3904071
656	4609	2M07301103+2342112
657	2071	2M07301372+4305434
658	4609	2M07314640+2338533
659	2075	2M07334111+3945001
660	2075	2M07335741+4152582
661	2072	2M07340333+4525491
662	2075	2M07341546+4050347
663	2072	2M07341895+4446327
664	2075	2M07341901+4132287
665	2073	2M07352674+4729179
666	4610	2M07353621+1646403
667	4222	2M07354458+3625363
668	2076	2M07383331+4149226
669	4530	2M07384484+6649595
670	2073	2M07395919+4615189
671	2075	2M07402041+3947560
672	4530	2M07404906+6607306
673	2073	2M07411336+4546213
674	4222	2M07412047+3711185
675	4291	2M07412162+0910207
676	2084	2M07412908+2824388
677	4531	2M07413927+5305101
678	2301	2M07415938+2318223
679	2073	2M07420767+4748473
680	4291	2M07421515+1045108
681	2076	2M07424339+4343205
682	2075	2M07424917+3937035
683	2076	2M07430396+4331369
684	2085	2M07430723+2915508
685	2077	2M07433126+4435199
686	2077	2M07440107+4409032
687	2077	2M07441849+4420555
688	2301	2M07450147+2213360
689	2098	2M07454706+4849319
690	2079	2M07455008+4042252
691	2080	2M07464731+4323181
692	2288	2M07471898+3824321
693	2292	2M07475215+3607049
694	2098	2M07475469+4654020
695	2077	2M07482344+4543241
696	2079	2M07482418+4223201
697	2079	2M07482458+4041050
698	2292	2M07484284+3616467
699	2079	2M07485530+4026313
700	2079	2M07492975+4040236
701	2077	2M07495255+4517441
702	2288	2M07501576+3754149
703	2079	2M07502579+4147049
704	2077	2M07503313+4450546
705	2285	2M07504014+5104535
706	2286	2M07510926+5040361
707	2288	2M07512040+3906322
708	2292	2M07513604+3525093
709	2085	2M07515692+2842123
710	2098	2M07521399+4715146
711	2288	2M07523635+3927346
712	4529	2M07525105+7846024
713	2081	2M07530855+4955503
714	2288	2M07531388+3847192
715	2098	2M07532950+4733296
716	4531	2M07541885+5200114
717	2081	2M07542334+5004451
718	2088	2M07543136+2607441
719	2086	2M07543472+2603177
720	2098	2M07543665+4722065
721	2286	2M07544617+5107504
722	2285	2M07550455+5027281
723	4531	2M07551518+5355112
724	2088	2M07554889+2702401
725	2080	2M07555011+4429105
726	2286	2M07562466+5111010
727	2079	2M07563173+4229265
728	2292	2M07564124+3638375
729	2088	2M07564310+2704198
730	2290	2M07565923+5140045
731	2079	2M07570347+4156383
732	2287	2M07573067+5457569
733	2088	2M07573331+2820297
734	2082	2M07573974+4250339
735	2292	2M07575121+3505480
736	2080	2M07575327+4454304
737	4532	2M07581330+4025511
738	2081	2M07581939+4801200
739	4294	2M07582829-1621447
740	2290	2M07590763+5104339
741	2287	2M07592133+5449116
742	2291	2M07592443+5230149
743	2080	2M07594405+4321275
744	2081	2M07595891+4747070
745	2088	2M08004742+2754247
746	2289	2M08004884+4612300
747	2082	2M08010050+4217017
748	2290	2M08013097+5103549
749	2088	2M08014413+2727287
750	2286	2M08021600+5118094
751	2088	2M08023533+2720195
752	2294	2M08023583+4757199
753	2294	2M08024923+4613063
754	2289	2M08025363+4628547
755	2088	2M08030772+2804528
756	2081	2M08032142+4820521
757	2082	2M08033082+4329451
758	4532	2M08034828+3936100
759	2082	2M08040228+4121273
760	2082	2M08044991+4315494
761	2294	2M08072836+4731570
762	2294	2M08073043+4541245
763	2295	2M08084725+5027398
764	2294	2M08085776+4554584
765	4529	2M08092367+8003507
766	2291	2M08104773+5358419
767	2287	2M08113187+5405478
768	2291	2M08114760+5311513
769	4103	2M08115373+3212036
770	2295	2M08130386+4828595
771	2287	2M08132593+5402151
772	2295	2M08154159+4905529
773	2295	2M08161874+5002534
774	4103	2M08165939+3207048
775	2300	2M08202415+4633577
776	2318	2M08212195+2520100
777	2318	2M08220252+2438451
778	4533	2M08224748+2823098
779	5127	2M08232729-0107375
780	2318	2M08233134+2332041
781	2318	2M08240236+2245515
782	2300	2M08243826+4623252
783	2109	2M08244056+1842029
784	2318	2M08245483+2310368
785	2300	2M08254697+4527079
786	2109	2M08271150+1828223
787	2109	2M08272614+1812300
788	5127	2M08273012+0007409
789	2109	2M08280086+1838491
790	2109	2M08280373+1836178
791	2300	2M08281066+4708492
792	2109	2M08283840+1901225
793	5127	2M08284974-0019095
794	2101	2M08314674+5329052
795	2101	2M08323239+5320217
796	4534	2M08332954+1511336
797	2300	2M08334137+4518261
798	2101	2M08334195+5406015
799	2300	2M08341426+4538096
800	4534	2M08342593+1431537
801	2299	2M08352765+5442567
802	4534	2M08382904+1451295
803	2102	2M08401826+5145470
804	2102	2M08404642+5122522
805	5115	2M08405390+1208167
806	5115	2M08412291+1215234
807	5115	2M08413172+1238565
808	5115	2M08414087+1252167
809	5115	2M08415731+1223579
810	2101	2M08423125+5151022
811	2102	2M08424235+5128575
812	2102	2M08433525+5112209
813	5115	2M08434211+1146573
814	5115	2M08434285+1234382
815	5115	2M08434597+1149016
816	2101	2M08435445+5322412
817	2101	2M08441103+5423473
818	2102	2M08442930+5148042
819	5115	2M08444019+1044454
820	5115	2M08451142+1123372
821	5115	2M08454939+1125519
822	4267	2M08460130-1509051
823	2284	2M08464675+5729456
824	5115	2M08492553+1116449
825	2296	2M08494022+5509176
826	2102	2M08494833+5234257
827	4267	2M08495593-1455048
828	2284	2M08502047+5723426
829	4162	2M08505923+1146129
830	5115	2M08510212+1149012
831	4162	2M08510890+1148377
832	2299	2M08511253+5542282
833	5115	2M08511588+1127245
834	5115	2M08511901+1150057
835	5115	2M08512940+1154138
836	5115	2M08513206+1155085
837	2296	2M08514058+5546490
838	2284	2M08520195+5816218
839	4535	2M08534182+0341454
840	2284	2M08534213+5853052
841	4535	2M08540114+0425263
842	2284	2M08540716+5611488
843	2296	2M08541701+5548569
844	2296	2M08542063+5500278
845	4535	2M08543832+0301598
846	2102	2M08544582+5149240
847	2284	2M08550153+5824471
848	2102	2M08551140+5037109
849	2296	2M08552531+5345323
850	2157	2M08563533+4051223
851	2157	2M08570667+4050104
852	2157	2M08574326+4020053
853	2157	2M08580512+4046155
854	2157	2M08581101+4039182
855	2284	2M08590860+5846165
856	2157	2M09002421+4000390
857	2157	2M09004528+4014230
858	2105	2M09014952+4328007
859	2105	2M09022729+4353396
860	2296	2M09024234+5600580
861	2338	2M09025877+2737087
862	2157	2M09033604+4104260
863	2338	2M09042488+2704315
864	2338	2M09053606+2645129
865	4206	2M09055055+3707273
866	2103	2M09070341+4422319
867	2338	2M09072627+2838306
868	2284	2M09072886+5750452
869	4206	2M09080015+3554031
870	2338	2M09080657+2624173
871	2338	2M09080889+2750205
872	2103	2M09082078+4601286
873	2296	2M09082869+5505327
874	2338	2M09102093+2640476
875	2103	2M09111215+4424367
876	2338	2M09115807+2813022
877	5116	2M09135509+2055246
878	2104	2M09143572+4317082
879	5116	2M09144859+2343411
880	2104	2M09161713+4204150
881	2104	2M09181264+4315390
882	2104	2M09191465+4233479
883	2103	2M09194520+4536439
884	2103	2M09201428+4504408
885	2104	2M09230686+4319397
886	2104	2M09235744+4318203
887	4536	2M09242547-0650183
888	4536	2M09245718-0721097
889	4536	2M09262347-0750321
890	5094	2M09272491+2742337
891	4223	2M09291487+3703190
892	5179	2M09291839+5620396
893	4223	2M09292132+3718010
894	4536	2M09293488-0610337
895	2156	2M09300444+4948361
896	2156	2M09301294+5103102
897	5179	2M09305775+5514190
898	5179	2M09310583+5530183
899	4211	2M09314691+5618248
900	4223	2M09315645+3714213
901	5094	2M09320785+2727380
902	4211	2M09323415+5610109
903	4223	2M09324916+3612053
904	4536	2M09325236-0624540
905	4223	2M09331383+3624247
906	4223	2M09340530+3715170
907	4211	2M09345838+5653185
908	2156	2M09350841+5013199
909	2179	2M09361593+3731456
910	2156	2M09363007+5001047
911	2178	2M09373928+4303193
912	2179	2M09381315+3548528
913	2156	2M09393454+4935162
914	2178	2M09402562+4245056
915	2114	2M09405927+4615341
916	2175	2M09411547+4430243
917	2114	2M09412552+4640176
918	2179	2M09420329+3730594
919	2178	2M09424786+4303153
920	2178	2M09430433+4200227
921	2178	2M09431707+4341116
922	2175	2M09433219+4445224
923	5126	2M09435912+3852543
924	2114	2M09441580+4725546
925	5126	2M09442061+3740588
926	5126	2M09443527+3809227
927	2175	2M09455731+4508502
928	2178	2M09461229+4356239
929	2175	2M09473026+4435320
930	5126	2M09484895+3637052
931	5126	2M09493523+3657582
932	2175	2M09495073+4534566
933	2175	2M09504801+4529180
934	2176	2M09513241+4220109
935	5126	2M09524216+3906199
936	2175	2M09525154+4603037
937	2175	2M09531153+4505428
938	2176	2M09535094+4333388
939	2173	2M09535767+4521556
940	2173	2M09545452+4527312
941	2173	2M09550790+4507443
942	2173	2M09552412+4445120
943	2176	2M09554925+4209192
944	2176	2M09571674+4234201
945	2176	2M09573570+4256416
946	2173	2M09575465+4551022
947	2173	2M10010184+4506185
948	2176	2M10012364+4322218
949	2170	2M10101304+4835124
950	2170	2M10101907+4602352
951	2171	2M10104621+4548098
952	2171	2M10111992+4502453
953	2170	2M10132098+4647259
954	4213	2M10133503+0139191
955	2170	2M10142768+4825100
956	2171	2M10145503+4528388
957	2170	2M10145543+4839485
958	2170	2M10150011+4829256
959	2170	2M10154133+4834021
960	2171	2M10160829+4424400
961	2171	2M10161055+4525161
962	2170	2M10161266+4705029
963	4213	2M10173682+0251001
964	4213	2M10182615+0111149
965	4213	2M10185607+0136343
966	5119	2M10204222+1410187
967	2174	2M10225087+3855304
968	2174	2M10231840+3606221
969	2172	2M10233320+4000458
970	2172	2M10241001+4102480
971	2322	2M10250719+3532163
972	2174	2M10253055+3740390
973	2172	2M10255708+4058103
974	2172	2M10261033+4006094
975	5119	2M10263024+1339100
976	2169	2M10264771+4559591
977	2322	2M10265222+3654537
978	4224	2M10270797+1555402
979	2322	2M10272831+3528495
980	4224	2M10280514+1735219
981	5119	2M10283988+1600230
982	4224	2M10291131+1730570
983	2169	2M10291410+4618558
984	4506	2M10303003+2842494
985	4505	2M10303884+3426088
986	4506	2M10312072+3030552
987	4442	2M10325973+3853468
988	4505	2M10331367+3409120
989	4442	2M10332404+3921069
990	4506	2M10334761+3018596
991	2113	2M10351318+4307121
992	4506	2M10352118+2907470
993	4506	2M10355604+3100194
994	4443	2M10363155+2319410
995	2113	2M10364937+4139479
996	4505	2M10371964+3358365
997	4443	2M10372490+2442462
998	4508	2M10374847+1958348
999	4442	2M10381167+3855252
1000	4505	2M10390134+3454126
1001	4538	2M10391985-1216056
1002	4538	2M10392169-1142243
1003	4443	2M10402343+2510454
1004	4538	2M10402800-1112350
1005	4505	2M10410238+3443357
1006	4508	2M10423925+1944404
1007	4538	2M10444707-1022392
1008	4538	2M10451300-1028232
1009	2112	2M10452966+4426095
1010	4508	2M10455837+1904000
1011	4442	2M10462233+4014258
1012	4448	2M10464238+1626144
1013	5185	2M10471460-0321276
1014	4448	2M10472988+1726513
1015	4504	2M10484537+4423377
1016	2112	2M10485117+4501283
1017	4504	2M10485725+4355384
1018	5185	2M10491057-0307503
1019	4508	2M10491505+1931127
1020	4236	2M10493780-0043348
1021	2112	2M10494672+4444117
1022	2112	2M10504324+4529201
1023	4448	2M10504432+1633104
1024	5185	2M10510319-0247429
1025	4448	2M10515485+1556172
1026	4504	2M10522627+4312296
1027	4448	2M10522769+1701079
1028	2112	2M10535102+4300538
1029	5185	2M10543302-0258044
1030	4504	2M10545522+4344339
1031	4504	2M10553577+4433534
1032	4236	2M10554328+0041514
1033	4236	2M10560519-0137049
1034	2165	2M10570986+2224429
1035	2111	2M10575445+4219046
1036	4444	2M10581378+1127335
1037	4236	2M10581530-0121132
1038	4444	2M10582329+1054571
1039	2165	2M10582811+2149169
1040	2115	2M10590502+4254168
1041	4228	2M11005076-1204533
1042	2165	2M11011479+2150334
1043	4444	2M11012916+1215329
1044	5178	2M11023391+0937541
1045	2165	2M11025474+2225165
1046	2165	2M11030352+2253233
1047	2115	2M11030977+4435486
1048	2165	2M11033931+2235191
1049	2111	2M11034544+4205393
1050	5178	2M11035676+0945223
1051	2165	2M11040288+2233307
1052	4444	2M11043292+1044121
1053	2327	2M11043367+4845353
1054	4503	2M11044917+4840467
1055	5178	2M11050050+1013286
1056	2327	2M11050209+5048543
1057	2327	2M11051789+4829138
1058	2327	2M11060623+5029512
1059	2165	2M11070193+2226186
1060	2165	2M11070738+2113469
1061	4239	2M11072525-0700377
1062	4239	2M11075932-0557026
1063	4228	2M11081296-1205110
1064	4503	2M11081979+4751217
1065	4239	2M11084172-0619528
1066	2166	2M11091661+2314574
1067	4503	2M11105136+4816453
1068	4503	2M11105352+4908141
1069	2327	2M11111101+5050578
1070	2327	2M11115813+5103078
1071	2122	2M11130112+4459101
1072	4510	2M11130300+0612273
1073	2121	2M11130437+4256198
1074	2166	2M11134430+2239017
1075	2166	2M11140507+2244156
1076	2166	2M11150576+2139248
1077	4539	2M11150635+0013432
1078	2325	2M11153990+4808333
1079	4539	2M11154188+0014031
1080	4510	2M11155128+0831530
1081	2183	2M11155727+4503066
1082	4510	2M11155997+0713418
1083	2326	2M11161475+5005005
1084	2183	2M11161613+4612529
1085	4510	2M11163317+0634021
1086	2166	2M11164300+2141468
1087	2183	2M11165596+4643457
1088	2183	2M11170060+4408274
1089	4510	2M11170928+0744440
1090	2166	2M11171123+2246229
1091	4510	2M11181366+0830156
1092	4539	2M11181429-0026454
1093	2325	2M11184636+4754449
1094	4539	2M11190707-0031577
1095	4441	2M11205368+5123066
1096	2167	2M11210854+2126274
1097	2167	2M11211768+2115029
1098	4539	2M11213676-0041263
1099	4510	2M11220188+0721257
1100	2183	2M11233892+4433279
1101	2167	2M11234244+2328460
1102	2167	2M11235662+2316151
1103	2183	2M11240689+4449394
1104	4441	2M11244798+5317481
1105	2148	2M11250110+2321388
1106	2148	2M11255783+2135050
1107	2148	2M11260048+2145163
1108	4441	2M11260825+5112494
1109	4441	2M11260994+5335131
1110	4441	2M11265242+5141217
1111	2325	2M11271298+4819267
1112	2167	2M11271717+2058535
1113	2148	2M11281347+2308578
1114	4511	2M11285264+0302257
1115	2148	2M11285732+2125285
1116	2324	2M11291427+4634226
1117	4511	2M11292711+0417566
1118	4441	2M11293132+5232582
1119	2324	2M11293233+4718527
1120	2148	2M11294280+2130132
1121	4441	2M11294703+5146160
1122	4441	2M11300381+5140211
1123	2167	2M11301142+2258347
1124	4441	2M11305946+5206102
1125	2148	2M11320728+2319282
1126	2324	2M11322251+4625018
1127	4511	2M11334886+0440471
1128	2324	2M11394536+4720542
1129	4214	2M11401093-1433560
1130	2324	2M11404601+4714067
1131	4488	2M11410110+2717085
1132	4488	2M11413937+2811034
1133	4488	2M11414560+2538598
1134	4124	2M11430700-0042392
1135	4214	2M11434104-1450596
1136	4445	2M11434920+0103193
1137	4488	2M11441188+2633242
1138	4445	2M11441821+0122336
1139	4488	2M11443705+2759321
1140	4124	2M11445086+0038417
1141	4488	2M11445235+2641343
1142	4433	2M11450280+0007134
1143	4487	2M11453072+3411559
1144	4502	2M11453792+5600247
1145	4487	2M11454524+3330119
1146	5109	2M11455331+0100204
1147	4488	2M11460972+2717512
1148	4433	2M11472318-0124310
1149	4124	2M11473177-0051014
1150	4488	2M11475545+2800339
1151	4229	2M11481287-1249021
1152	4229	2M11483057-1227190
1153	5109	2M11483171+0021129
1154	4433	2M11483866-0031171
1155	4124	2M11484030+0122219
1156	4487	2M11484981+3446170
1157	4488	2M11485002+2624029
1158	4445	2M11494199+0143564
1159	5109	2M11494623+0203582
1160	4502	2M11495002+5448155
1161	4229	2M11495375-1113149
1162	4502	2M11500055+5613542
1163	2120	2M11500819+4413358
1164	4502	2M11501253+5613304
1165	5165	2M11502550+1923063
1166	4487	2M11504147+3339475
1167	4445	2M11510221+0018423
1168	5109	2M11510863+0104087
1169	4502	2M11511579+5359223
1170	4489	2M11513353+1853540
1171	2120	2M11521231+4459393
1172	4489	2M11523093+2024360
1173	4487	2M11523523+3524121
1174	4502	2M11541150+5505174
1175	4502	2M11542519+5554150
1176	4487	2M11551441+3345258
1177	5124	2M11553550+3329207
1178	2120	2M11562036+4433453
1179	4449	2M11571401-1627133
1180	4449	2M11572921-1701023
1181	2120	2M11585452+4511578
1182	4489	2M11591133+2008022
1183	2120	2M11592017+4503446
1184	4449	2M11594033-1645451
1185	4449	2M12000893-1635081
1186	4226	2M12003710+1528347
1187	2120	2M12004841+4326152
1188	2120	2M12005785+4535403
1189	4148	2M12012313+1818088
1190	4449	2M12012637-1731011
1191	2120	2M12022590+4354115
1192	2120	2M12025253+4517366
1193	4512	2M12030268-0035299
1194	4226	2M12031119+1539075
1195	4512	2M12031353-0021147
1196	4226	2M12034709+1756233
1197	4226	2M12035064+1609105
1198	2120	2M12035232+4451316
1199	4226	2M12044242+1616086
1200	4226	2M12044635+1700422
1201	4512	2M12044955-0130453
1202	4148	2M12045991+1857581
1203	4226	2M12050898+1552598
1204	4512	2M12052500-0151593
1205	4512	2M12053971-0116486
1206	2119	2M12055066+4619535
1207	4226	2M12061947+1532404
1208	4148	2M12072866+1723441
1209	2210	2M12074090+3519591
1210	4512	2M12075671-0039375
1211	4512	2M12083802-0155596
1212	2119	2M12094372+4553512
1213	4148	2M12095289+1817166
1214	4148	2M12100260+1743287
1215	4148	2M12101415+1736589
1216	2119	2M12113437+4632276
1217	4490	2M12115853+1425463
1218	2210	2M12122247+3659178
1219	2210	2M12124450+3536392
1220	2119	2M12124831+4659000
1221	4490	2M12131474+1359248
1222	2116	2M12132509+4435039
1223	4490	2M12133343+1411545
1224	4235	2M12133673+0603445
1225	2119	2M12135869+4656058
1226	4486	2M12143922+3850408
1227	4486	2M12150155+4023234
1228	4490	2M12155496+1405560
1229	2210	2M12161280+3716444
1230	4501	2M12161770+5712513
1231	4490	2M12161809+1343522
1232	4235	2M12164662+0600573
1233	2118	2M12164773+4654121
1234	4501	2M12165618+5725149
1235	2210	2M12173867+3646089
1236	4125	2M12174947+0047155
1237	4125	2M12175773+0003173
1238	4490	2M12180075+1339557
1239	4490	2M12183988+1359445
1240	2116	2M12184028+4321213
1241	4486	2M12190884+4055001
1242	2116	2M12203369+4412519
1243	4501	2M12205278+5802314
1244	4513	2M12210650-0144578
1245	4216	2M12211038+2500231
1246	4490	2M12211862+1326565
1247	4490	2M12213159+1421358
1248	4216	2M12214070+2707510
1249	4218	2M12221055+1259376
1250	4125	2M12222116-0046455
1251	4125	2M12223731+0018025
1252	4125	2M12230536-0008536
1253	2118	2M12232903+4508106
1254	2116	2M12241323+4303372
1255	4501	2M12242413+5648023
1256	4216	2M12242998+2609563
1257	4216	2M12243115+2505182
1258	4218	2M12243996+1421001
1259	4501	2M12244588+5721086
1260	2118	2M12252655+4605548
1261	2116	2M12254818+4508455
1262	4216	2M12260339+2710503
1263	4125	2M12265042+0034558
1264	4501	2M12271225+5655134
1265	4216	2M12272534+2655470
1266	4501	2M12274174+5812489
1267	4125	2M12274221+0002386
1268	4513	2M12292198-0210311
1269	2181	2M12292403+4508588
1270	4218	2M12301597+1358482
1271	2181	2M12335984+4448188
1272	2151	2M12345802+4537384
1273	2151	2M12364520+4449495
1274	2151	2M12372671+4514409
1275	2151	2M12393286+4426165
1276	4126	2M12402673-0806522
1277	2151	2M12404411+4441379
1278	4126	2M12411002-0641394
1279	2151	2M12421629+4623376
1280	4446	2M12442021-0343122
1281	5122	2M12444376+1250515
1282	2151	2M12450919+4610585
1283	4126	2M12452870-0754470
1284	5122	2M12454092+1105048
1285	4126	2M12460965-0819502
1286	4127	2M12461740+2744570
1287	4491	2M12462044+1251325
1288	4126	2M12465101-0643001
1289	4126	2M12470336-0818049
1290	4126	2M12472119-0828184
1291	4126	2M12475524-0850470
1292	4485	2M12481033+4213287
1293	4485	2M12482973+4244346
1294	4126	2M12483655-0739429
1295	4126	2M12484669-0815193
1296	2307	2M12491112+2616322
1297	4485	2M12491209+4202529
1298	4126	2M12493129-0812440
1299	2305	2M12504087+2753288
1300	4491	2M12505092+1324147
1301	5122	2M12505546+1219564
1302	2127	2M12510255+4329052
1303	5098	2M12511036+4156294
1304	4127	2M12511548+2740224
1305	2307	2M12512144+2713470
1306	2305	2M12521285+2908568
1307	4440	2M12521466+5645498
1308	4491	2M12524061+1125384
1309	4491	2M12524780+1259227
1310	2127	2M12534490+4218167
1311	4127	2M12540635+2600505
1312	2307	2M12553506+2703401
1313	2305	2M12553534+2703495
1314	2127	2M12554259+4500411
1315	4485	2M12555078+4040242
1316	2307	2M12561024+2612207
1317	5098	2M12562696+4059561
1318	4127	2M12564885+2655450
1319	2306	2M12570675+2658076
1320	2127	2M12581142+4244496
1321	4485	2M12581321+4049138
1322	2305	2M12591949+2825024
1323	4514	2M12594578-0238130
1324	2308	2M12595533+2528101
1325	4485	2M13011431+4230511
1326	2306	2M13011859+2844170
1327	2128	2M13011891+4706290
1328	2182	2M13030484+4856288
1329	2128	2M13032022+4607555
1330	2306	2M13033866+2826598
1331	4210	2M13034024+7256329
1332	4440	2M13035326+5740523
1333	2182	2M13054603+4907328
1334	2128	2M13060639+4504045
1335	2306	2M13070277+2722252
1336	4514	2M13070335-0240133
1337	4514	2M13073948-0351346
1338	4514	2M13075183-0224558
1339	2128	2M13080273+4451163
1340	4219	2M13090450+1411351
1341	4128	2M13090969+1630418
1342	4128	2M13101632+1711251
1343	4128	2M13104833+1646156
1344	4128	2M13105588+1640167
1345	2182	2M13105800+4820318
1346	4219	2M13110139+1540294
1347	2128	2M13110514+4556415
1348	4219	2M13110667+1255517
1349	4440	2M13110910+5637014
1350	2128	2M13112813+4559209
1351	5181	2M13113367+7149120
1352	4492	2M13132785+1314187
1353	4219	2M13133329+1422316
1354	4492	2M13150119+1319313
1355	4492	2M13153999+1246366
1356	4219	2M13161778+1359517
1357	4128	2M13163564+1752114
1358	4492	2M13180607+1249003
1359	4210	2M13182749+7114137
1360	4219	2M13182786+1412235
1361	4210	2M13191174+7325373
1362	4492	2M13200910+1403573
1363	4492	2M13204848+1347567
1364	4492	2M13211833+1431215
1365	2129	2M13215490+4926280
1366	4515	2M13215567-0242043
1367	2129	2M13232039+4820576
1368	2333	2M13240871+2642074
1369	2129	2M13250735+4957108
1370	4434	2M13252819+3823173
1371	2129	2M13253776+4857466
1372	2129	2M13255440+4946491
1373	2333	2M13264159+2708352
1374	4515	2M13271295-0117518
1375	4484	2M13271322+3915532
1376	4210	2M13271945+7224520
1377	2333	2M13273308+2709485
1378	2129	2M13274558+4827258
1379	4515	2M13275295-0244492
1380	4500	2M13282121+5559014
1381	2333	2M13290178+2659568
1382	4434	2M13290259+3822581
1383	4500	2M13293600+5542038
1384	4434	2M13303129+3702212
1385	4484	2M13304262+4021481
1386	4484	2M13305368+4014372
1387	4484	2M13305459+3840382
1388	4484	2M13305701+3910531
1389	4484	2M13311537+3918585
1390	2333	2M13315712+2600029
1391	4484	2M13321628+3833502
1392	4434	2M13325589+3638313
1393	4484	2M13325655+3911146
1394	2333	2M13340768+2605027
1395	4484	2M13341084+4030547
1396	4500	2M13342673+5507244
1397	4484	2M13344160+3823102
1398	2333	2M13353101+2636184
1399	4484	2M13353236+3754429
1400	2313	2M13355148+2650506
1401	5181	2M13362556+7208261
1402	4500	2M13364900+5533195
1403	4215	2M13370293-1703221
1404	2141	2M13370758+4233229
1405	2141	2M13370855+4158462
1406	4484	2M13372608+4013294
1407	2130	2M13374710+2247546
1408	2141	2M13375318+4256075
1409	4447	2M13385031+0005084
1410	4481	2M13390303+1841359
1411	2130	2M13392342+2328318
1412	4215	2M13393475-1552132
1413	4481	2M13393861+1856317
1414	4215	2M13395041-1625029
1415	4215	2M13401271-1729020
1416	2141	2M13402795+4114587
1417	4481	2M13403523+1741045
1418	4481	2M13405102+1804533
1419	2141	2M13405403+4112185
1420	4447	2M13405651+0031563
1421	4160	2M13411185+2825222
1422	2313	2M13411923+2638080
1423	4215	2M13413009-1644213
1424	4215	2M13413548-1723167
1425	2130	2M13415891+2306319
1426	4160	2M13420834+2639417
1427	2313	2M13421884+2648055
1428	4481	2M13422654+1713390
1429	2164	2M13424798+4026386
1430	2130	2M13430851+2227292
1431	4481	2M13431527+1910491
1432	2313	2M13431664+2557382
1433	2141	2M13432185+4351442
1434	2130	2M13434424+2119439
1435	4481	2M13440326+1838577
1436	2130	2M13441039+2251179
1437	4447	2M13441375-0027468
1438	5121	2M13441795-0128111
1439	2164	2M13442363+3836458
1440	2313	2M13443232+2634145
1441	5121	2M13444977-0024312
1442	2130	2M13451257+2326450
1443	4447	2M13451928+0017572
1444	4481	2M13452908+1755346
1445	2141	2M13452953+4301266
1446	2313	2M13454338+2617335
1447	4447	2M13455993-0032271
1448	2164	2M13460794+4030251
1449	4233	2M13463913+4349095
1450	4447	2M13475543+0027182
1451	4233	2M13480922+4303091
1452	5121	2M13482079-0006007
1453	4481	2M13483079+1750445
1454	5180	2M13485367+3310387
1455	4481	2M13490694+1815456
1456	2164	2M13493349+3859396
1457	4160	2M13500676+2741310
1458	4481	2M13501353+1823311
1459	4233	2M13514152+4434174
1460	4482	2M13515405+2502119
1461	4483	2M13515605+3308220
1462	4483	2M13530934+3331183
1463	4483	2M13533481+3411047
1464	5180	2M13561253+3233490
1465	4482	2M13561994+2534242
1466	2135	2M13563050+4642508
1467	4482	2M13572811+2514284
1468	4482	2M13575145+2612565
1469	4483	2M13575625+3250596
1470	5180	2M13580295+3414383
1471	5180	2M13580746+3410371
1472	2135	2M13582075+4717079
1473	5180	2M13584371+3215507
1474	4516	2M13584399+0317586
1475	4483	2M13590371+3307292
1476	4516	2M13595006+0056399
1477	4516	2M14000499+0057149
1478	4483	2M14002167+3317198
1479	4482	2M14015624+2600283
1480	4161	2M14021715+2748089
1481	2135	2M14022404+4640500
1482	4482	2M14022819+2549341
1483	4499	2M14022994+5421186
1484	4161	2M14043486+2728561
1485	2139	2M14044029+4527195
1486	2135	2M14045857+4805437
1487	4161	2M14051463+2937541
1488	4516	2M14054998+0256557
1489	2135	2M14061550+4544031
1490	4161	2M14062542+2743352
1491	2139	2M14074410+4403278
1492	2139	2M14074778+4532067
1493	2139	2M14080627+4503093
1494	2135	2M14094139+4601346
1495	4499	2M14103850+5449064
1496	2135	2M14110339+4646220
1497	4517	2M14120965+0508201
1498	2221	2M14123792+5259465
1499	2143	2M14134732+4254124
1500	2143	2M14142333+4320108
1501	2139	2M14154406+4439442
1502	4528	2M14155692+8603564
1503	2136	2M14170081+4629096
1504	2139	2M14174469+4451458
1505	2136	2M14175541+4555201
1506	2136	2M14184237+4755149
1507	2143	2M14184770+4301250
1508	2143	2M14190206+4149264
1509	2221	2M14192163+5357504
1510	2221	2M14195376+5419200
1511	2143	2M14200741+4207559
1512	2143	2M14201626+4212139
1513	4203	2M14221183-0447565
1514	2145	2M14222346+4039468
1515	2143	2M14224248+4306518
1516	2145	2M14231115+4039454
1517	4517	2M14232001+0541233
1518	2136	2M14233143+4543526
1519	2143	2M14240587+4351304
1520	4439	2M14244091+5049024
1521	2145	2M14245246+3903057
1522	2145	2M14245919+4043301
1523	2145	2M14251291+4051107
1524	2145	2M14251536+3915337
1525	2198	2M14252363+5319221
1526	2143	2M14253307+4205325
1527	4203	2M14260225-0503509
1528	5069	2M14260605+5820587
1529	2145	2M14263550+4121105
1530	2198	2M14272210+5252036
1531	5186	2M14274038+5036446
1532	4439	2M14274439+5034456
1533	2145	2M14284505+4000317
1534	2145	2M14285600+4152172
1535	5069	2M14290279+5854412
1536	4439	2M14293977+4957242
1537	4203	2M14295644-0545589
1538	2145	2M14300099+4018188
1539	2145	2M14301807+4028233
1540	2198	2M14301817+5145376
1541	2198	2M14305549+5219344
1542	4436	2M14310609+0801287
1543	4439	2M14310791+4913264
1544	4436	2M14313488+0746128
1545	5069	2M14314860+5731173
1546	4436	2M14321531+0840175
1547	4436	2M14323940+0814575
1548	2198	2M14325845+5417127
1549	2225	2M14325895+5140247
1550	2225	2M14345481+5013426
1551	2198	2M14351478+5253190
1552	4436	2M14365377+0822166
1553	4436	2M14370236+0928340
1554	4436	2M14370541+0828313
1555	4439	2M14371475+4957323
1556	4439	2M14401962+5018052
1557	2222	2M14402381+5236078
1558	2225	2M14405780+5144175
1559	2222	2M14412981+5254281
1560	2225	2M14443045+5004261
1561	2222	2M14443738+5216336
1562	2222	2M14462479+5309235
1563	2222	2M14472840+5131195
1564	4493	2M14475429+1241108
1565	2225	2M14481802+5115348
1566	2222	2M14484837+5203591
1567	4498	2M14485476+4438107
1568	5068	2M14490585-0545056
1569	4493	2M14490955+1242421
1570	2222	2M14493203+5217309
1571	5068	2M14503299-0559500
1572	2354	2M14503650+3019527
1573	2222	2M14515674+5132440
1574	4498	2M14521053+4608465
1575	2331	2M14522134+4209571
1576	4494	2M14534360+1713530
1577	2354	2M14534607+3120398
1578	4494	2M14541230+1653305
1579	4220	2M14542303+3122323
1580	4498	2M14542451+4517557
1581	2222	2M14542627+5200439
1582	4494	2M14543922+1658362
1583	2331	2M14545496+4108480
1584	4220	2M14545500+3040589
1585	4494	2M14551294+1816467
1586	2354	2M14561293+3058179
1587	5182	2M14563552+2140082
1588	2222	2M14571254+5239483
1589	2222	2M14571457+5257598
1590	2354	2M14572647+3100099
1591	4231	2M14575213+3723244
1592	4494	2M14580457+1618569
1593	2331	2M14584531+4153493
1594	2227	2M14590971+4707131
1595	4494	2M14591760+1735061
1596	5182	2M14593484+2054373
1597	2331	2M14594374+4307431
1598	4220	2M14595913+3237438
1599	4231	2M15002128+3645004
1600	5182	2M15002220+2232142
1601	4497	2M15003255+4141573
1602	4220	2M15003943+3157061
1603	4437	2M15010425+2107461
1604	4220	2M15012258+3159396
1605	5182	2M15012629+2043461
1606	4497	2M15014005+4012015
1607	2227	2M15014323+4922341
1608	2227	2M15014728+4842168
1609	4220	2M15020578+3133503
1610	5182	2M15020923+2141579
1611	4528	2M15041965+8609092
1612	5182	2M15043721+2244329
1613	2207	2M15044513+4335446
1614	2331	2M15044912+4238205
1615	2227	2M15050730+4824092
1616	4496	2M15060333+3042513
1617	4496	2M15061694+3255276
1618	4437	2M15062484+2149029
1619	4438	2M15064153+3604209
1620	2227	2M15065094+4744044
1621	4438	2M15071160+3603102
1622	4438	2M15071609+3625508
1623	2207	2M15092789+4400266
1624	2207	2M15103601+4308410
1625	4438	2M15105106+3626429
1626	4496	2M15111198+3028371
1627	5092	2M15112862+0112140
1628	2207	2M15113697+4535401
1629	2370	2M15125293+3342078
1630	5092	2M15132029+0038247
1631	2370	2M15140397+3329570
1632	4496	2M15144915+3132090
1633	2207	2M15144974+4311413
1634	2370	2M15155728+3306053
1635	2207	2M15164571+4445104
1636	2207	2M15165639+4441037
1637	4451	2M15173640+3505295
1638	5092	2M15182839-0015497
1639	4207	2M15183842-0008235
1640	5092	2M15191709+0157432
1641	4201	2M15192613+0153284
1642	2370	2M15195590+3205555
1643	4451	2M15195857+3559125
1644	4207	2M15200784-0019557
1645	5092	2M15204014+0204282
1646	5200	2M15211701+0202521
1647	2370	2M15212326+3434557
1648	4207	2M15212980-0008154
1649	5200	2M15213609+0239021
1650	2370	2M15220292+3213295
1651	5092	2M15220945+0129242
1652	5092	2M15221548+0127303
1653	5200	2M15221998+0234386
1654	2370	2M15235486+3343341
1655	4451	2M15242209+3703289
1656	4232	2M15250961+3613116
1657	4451	2M15260845+3556298
1658	4234	2M15261158+4227350
1659	2209	2M15301006+5658026
1660	2205	2M15304075+4604595
1661	4232	2M15305467+3738038
1662	2209	2M15312851+5553191
1663	2188	2M15314205+4822525
1664	2209	2M15320106+5747506
1665	2205	2M15320154+4529394
1666	2209	2M15320838+5701573
1667	4232	2M15331514+3712050
1668	2205	2M15332930+4349373
1669	4234	2M15333212+4259220
1670	4528	2M15334601+8559308
1671	4528	2M15351155+8724215
1672	2188	2M15360833+4837152
1673	2209	2M15364925+5530532
1674	2205	2M15374220+4457483
1675	4528	2M15374380+8532048
1676	2188	2M15380845+4833097
1677	2188	2M15381621+4728057
1678	2125	2M15390224+3857467
1679	2372	2M15403020+2917463
1680	2366	2M15405425+4400117
1681	2188	2M15422319+4731090
1682	2372	2M15422618+3001126
1683	2372	2M15433931+3019329
1684	2366	2M15440315+4530083
1685	2184	2M15444394+5507262
1686	2125	2M15444990+4003210
1687	2125	2M15445862+3843355
1688	2189	2M15451998+4738372
1689	2372	2M15461593+2835415
1690	2372	2M15465261+2901044
1691	2189	2M15465395+4736295
1692	4528	2M15471548+8655422
1693	2184	2M15475795+5425072
1694	2366	2M15494132+4404124
1695	2372	2M15494368+2952208
1696	2125	2M15503466+3908558
1697	2367	2M15510682+4303598
1698	2189	2M15515928+4755056
1699	2189	2M15522390+4628191
1700	2184	2M15523107+5412436
1701	2189	2M15524460+4614374
1702	2367	2M15530998+4232003
1703	2184	2M15532188+5556331
1704	2189	2M15541138+4627014
1705	2189	2M15544346+4645383
1706	4528	2M15555052+8555538
1707	2184	2M15561378+5503048
1708	2189	2M15561507+4748398
1709	2184	2M15565483+5515579
1710	2189	2M15570585+4723214
1711	4520	2M15574917-1107376
1712	5131	2M15580991+0637101
1713	2367	2M15584651+4434296
1714	5131	2M16005538+0535475
1715	2123	2M16012077+4037196
1716	2362	2M16014892+4455186
1717	2203	2M16020924+4604420
1718	2362	2M16023407+4527367
1719	2123	2M16030394+4056405
1720	2362	2M16030993+4549456
1721	5131	2M16032008+0651553
1722	2362	2M16033666+4338015
1723	2123	2M16040589+4150089
1724	4520	2M16041068-1202583
1725	2362	2M16054629+4355582
1726	5125	2M16060627+2425066
1727	2362	2M16060917+4318176
1728	5184	2M16061071+5158437
1729	5131	2M16074118+0612509
1730	2203	2M16075243+4539535
1731	5125	2M16080988+2233281
1732	2203	2M16082084+4420412
1733	5125	2M16083162+2421244
1734	4528	2M16083324+8714367
1735	2359	2M16091134+2920201
1736	2330	2M16091823+4300185
1737	2330	2M16091851+4241348
1738	2185	2M16092668+4811454
1739	2203	2M16095144+4553046
1740	2359	2M16095256+3040263
1741	5125	2M16095592+2331352
1742	4208	2M16100946+2312212
1743	2123	2M16102809+4150102
1744	5125	2M16103535+2438142
1745	2123	2M16104780+4134364
1746	2199	2M16111574+4802582
1747	5184	2M16120097+5229073
1748	5184	2M16121593+5130382
1749	2359	2M16121934+2935593
1750	2185	2M16131233+4923076
1751	2330	2M16132196+4216166
1752	2230	2M16133142+4244240
1753	2230	2M16141328+4223497
1754	5184	2M16141367+5226239
1755	4209	2M16141610+5238045
1756	2185	2M16142152+4928244
1757	2199	2M16142209+4639365
1758	2211	2M16145373+4436070
1759	2185	2M16150696+4825384
1760	2185	2M16150720+4841273
1761	2211	2M16151078+4302279
1762	2211	2M16154258+4433091
1763	2211	2M16155518+4440005
1764	2199	2M16155991+4545501
1765	2211	2M16163235+4301557
1766	5184	2M16171875+5141366
1767	2359	2M16174031+2937504
1768	2185	2M16180337+4913376
1769	2211	2M16180599+4421456
1770	2356	2M16183369+2857387
1771	2381	2M16184063+2345584
1772	2185	2M16190168+4958254
1773	2381	2M16191825+2337083
1774	2230	2M16192812+4154312
1775	2356	2M16193922+2853378
1776	2381	2M16200397+2150317
1777	2122	2M16202982+4012476
1778	2381	2M16203139+2124239
1779	2358	2M16203206+3246565
1780	2234	2M16204831+3842369
1781	2359	2M16211840+2942079
1782	2381	2M16212643+2136590
1783	2381	2M16212674+2358058
1784	2187	2M16212977+4526116
1785	2381	2M16215667+2221436
1786	2358	2M16220305+3032558
1787	2356	2M16221118+2757193
1788	2378	2M16222917+2558553
1789	2378	2M16223727+2612304
1790	2378	2M16225304+2706021
1791	2358	2M16225397+3301474
1792	2232	2M16230278+3805593
1793	2381	2M16231587+2352529
1794	2186	2M16233215+4843173
1795	2211	2M16233435+4410311
1796	2380	2M16234066+2542427
1797	2186	2M16234700+4759536
1798	2187	2M16243410+4555563
1799	2232	2M16244921+3809105
1800	2380	2M16253267+2514021
1801	2380	2M16260782+2359030
1802	2186	2M16260968+4838101
1803	4200	2M16261847-1328290
1804	2378	2M16261952+2657121
1805	2381	2M16262462+2322161
1806	4528	2M16262568+8531008
1807	2187	2M16263557+4507300
1808	2378	2M16264737+2621472
1809	4200	2M16265798-1420587
1810	2378	2M16270025+2541199
1811	2122	2M16272745+4021258
1812	2186	2M16273199+4901191
1813	2204	2M16274402+3934162
1814	2122	2M16281493+3950470
1815	2356	2M16281668+2756099
1816	2378	2M16281995+2517383
1817	2122	2M16282424+4136164
1818	2232	2M16284013+3713344
1819	2378	2M16290189+2536039
1820	2204	2M16292280+3836223
1821	2233	2M16292872+3941531
1822	2232	2M16302099+3819102
1823	2186	2M16302817+4749143
1824	2122	2M16303891+4109271
1825	4200	2M16310423-1205453
1826	2187	2M16310816+4421265
1827	2357	2M16312026+4351401
1828	4200	2M16312957-1311444
1829	4200	2M16314223-1417134
1830	4200	2M16314366-1356028
1831	2380	2M16314765+2432096
1832	2232	2M16322805+3945016
1833	4200	2M16323157-1311285
1834	4200	2M16330192-1355546
1835	4200	2M16334837-1324039
1836	4200	2M16340548-1341250
1837	2187	2M16342845+4424524
1838	2357	2M16344142+4356254
1839	2329	2M16344215+4128581
1840	4200	2M16345819-1229195
1841	2231	2M16361666+3927046
1842	2218	2M16363198+3915242
1843	2187	2M16364334+4522156
1844	4105	2M16380165+3551502
1845	4521	2M16380443-0117529
1846	2218	2M16394504+3759252
1847	2218	2M16415918+3956511
1848	2231	2M16422741+4059442
1849	5093	2M16423984-0245267
1850	2231	2M16424438+4053144
1851	4204	2M16424598+4816143
1852	2218	2M16424644+3830534
1853	2218	2M16430263+4040498
1854	2231	2M16432966+4028201
1855	4105	2M16435115+3729151
1856	2329	2M16435832+4204205
1857	2329	2M16444589+4210120
1858	5093	2M16444649-0206201
1859	2329	2M16450727+4243205
1860	5093	2M16451391-0125436
1861	2357	2M16454724+4431270
1862	2329	2M16454920+4203227
1863	2218	2M16455126+3826443
1864	2218	2M16460347+3925449
1865	4204	2M16495690+4614206
1866	2242	2M16505187+3859479
1867	5093	2M16510714-0225112
1868	2236	2M16524256+3624264
1869	2236	2M16534641+3606010
1870	2236	2M16541726+3620003
1871	4361	2M16544801-2020511
1872	4204	2M16553812+4717244
1873	4361	2M16554690-2031574
1874	4522	2M16561862+0938114
1875	2236	2M16564825+3729479
1876	2242	2M16570239+3939560
1877	4361	2M16574471-2037312
1878	4522	2M16582628+0939165
1879	2236	2M16585129+3527124
1880	2243	2M16585446+3345290
1881	4522	2M16592955+0942122
1882	4522	2M16595069+0941108
1883	5129	2M17021700-2145531
1884	2243	2M17022151+3414393
1885	5129	2M17023206-2210360
1886	5129	2M17023223-2301382
1887	2236	2M17024115+3544084
1888	2037	2M17031921+6317163
1889	2000	2M17032247+3506166
1890	4454	2M17040597+6007537
1891	2000	2M17041102+3438305
1892	2243	2M17043186+3531484
1893	4454	2M17051828+5937275
1894	2001	2M17071395+3217473
1895	4453	2M17083264+4811309
1896	2037	2M17090852+6422110
1897	2000	2M17094284+3504528
1898	4453	2M17095788+4825288
1899	2037	2M17101188+6412044
1900	2003	2M17104618+3248333
1901	2037	2M17112006+6359436
1902	2003	2M17114352+3305120
1903	2001	2M17114963+3312077
1904	2382	2M17122161+2736207
1905	4359	2M17132172-2410591
1906	2382	2M17133776+2844177
1907	4523	2M17134986+2319018
1908	2003	2M17135078+3117312
1909	2256	2M17135392+5719133
1910	4202	2M17135983+4203074
1911	4359	2M17141420-2429146
1912	4359	2M17144370-2449231
1913	5128	2M17145582-2436368
1914	4453	2M17145681+4942208
1915	2005	2M17152664+2729217
1916	2001	2M17152834+3313156
1917	4202	2M17181632+4305265
1918	4523	2M17185656+2228596
1919	4368	2M17190649-2745172
1920	4368	2M17191393-2750025
1921	4523	2M17193082+2238441
1922	4202	2M17194534+4231387
1923	2003	2M17203026+3101341
1924	5188	2M17203352+5750196
1925	2034	2M17204328+5817039
1926	2005	2M17210928+2726216
1927	2255	2M17211347+5819117
1928	2005	2M17213279+2752404
1929	2382	2M17213895+2839370
1930	2241	2M17220794+6055232
1931	2257	2M17221903+5648324
1932	4523	2M17225565+2210589
1933	2005	2M17225823+2655196
1934	4202	2M17233073+4309508
1935	2005	2M17234135+2754380
1936	2034	2M17234945+5808459
1937	2005	2M17235702+2731349
1938	2382	2M17241766+2730215
1939	2255	2M17245939+5841446
1940	2034	2M17251745+5819184
1941	2256	2M17263087+5537524
1942	2256	2M17273631+5659386
1943	4455	2M17280350+5446228
1944	4389	2M17282574-2906578
1945	4389	2M17285197-2815064
1946	4524	2M17292110+3510045
1947	4392	2M17294839-2315449
1948	4367	2M17300821-2342117
1949	4455	2M17300861+5440161
1950	4527	2M17315986+7407420
1951	2241	2M17322467+6032032
1952	4387	2M17330338-1722158
1953	4352	2M17340500-2808243
1954	2257	2M17340811+5524104
1955	4362	2M17345651-2048568
1956	2034	2M17350399+5706045
1957	4352	2M17360668-2710099
1958	2257	2M17362374+5551483
1959	4352	2M17364991-2728343
1960	4385	2M17380351-2907061
1961	4385	2M17381255-2904355
1962	2034	2M17385342+5725025
1963	4348	2M17391651-2259198
1964	4348	2M17393731-2324309
1965	4353	2M17404100-3015053
1966	4524	2M17405163+3610191
1967	2257	2M17431361+5703308
1968	4353	2M17433330-3014403
1969	4364	2M17433972-2522513
1970	4330	2M17434549-2819343
1971	5026	2M17441313-0630130
1972	4384	2M17444869-2635201
1973	4330	2M17455023-2842266
1974	4330	2M17460119-2822397
1975	4330	2M17461849-2833139
1976	4330	2M17463506-2839502
1977	4354	2M17470661-2704275
1978	4330	2M17472032-2814389
1979	4525	2M17474900+4737382
1980	4525	2M17482873+4851155
1981	4525	2M17493504+4804487
1982	4525	2M17500331+4823391
1983	4526	2M17504077+6131276
1984	4365	2M17512180-2238562
1985	4354	2M17513384-2727154
1986	5028	2M17521460-0044129
1987	4365	2M17524601-2324252
1988	4386	2M17525474-2834370
1989	4386	2M17531813-2816161
1990	4104	2M17532090-2514343
1991	4386	2M17533052-2807292
1992	4527	2M17540118+7438578
1993	4351	2M17541157-2904441
1994	4526	2M17550752+6106235
1995	4104	2M17552511-2517291
1996	4527	2M17555908+7328318
1997	4104	2M17560902-2553248
1998	4104	2M17564844-2523577
1999	4363	2M17572754-2651283
2000	4336	2M17574253-2400126
2001	4336	2M17574406-2328302
2002	4526	2M17574851+6154178
2003	4363	2M17580952-2723418
2004	4343	2M17594139-1935453
2005	4336	2M17595127-2407279
2006	4336	2M17595249-2350520
2007	4527	2M17595454+7259096
2008	4363	2M18001201-2631398
2009	4355	2M18010982-2135255
2010	4355	2M18011118-2227100
2011	4526	2M18011389+6010284
2012	4332	2M18012731-3001545
2013	4378	2M18013570-1755079
2014	4363	2M18014527-2649293
2015	4332	2M18023443-2952598
2016	4332	2M18024917-3039423
2017	5132	2M18030940-0804269
2018	4355	2M18031787-2149396
2019	5132	2M18035931-0943193
2020	4378	2M18040248-1805575
2021	4366	2M18041435-2455385
2022	4388	2M18042203-2917298
2023	4370	2M18052444-1520538
2024	4332	2M18052881-2936483
2025	4332	2M18061259-2932127
2026	4332	2M18062298-2934574
2027	4366	2M18062539-2508532
2028	4355	2M18064567-2155543
2029	4526	2M18065432+6052221
2030	4366	2M18065593-2449047
2031	4366	2M18070105-2519382
2032	4283	2M18071428+0354179
2033	4329	2M18075069-3116452
2034	4283	2M18080646+0244373
2035	4347	2M18081808-2553287
2036	5132	2M18083177-0825098
2037	4370	2M18085948-1555569
2038	4349	2M18101778-2726026
2039	4356	2M18103554-1811011
2040	4393	2M18104783-2824046
2041	4393	2M18120515-2830012
2042	4341	2M18132787-2126520
2043	4341	2M18143779-2048480
2044	4341	2M18151791-2137323
2045	4393	2M18153119-2848286
2046	4344	2M18154015-1212453
2047	4344	2M18155678-1228545
2048	4344	2M18161098-1223031
2049	4341	2M18162884-2138565
2050	4357	2M18172750-1441138
2051	4339	2M18180315-1604176
2052	4374	2M18184791-1906270
2053	4107	2M18191402-0016205
2054	4357	2M18192203-1411326
2055	4374	2M18192344-1851120
2056	4357	2M18192899-1452043
2057	4107	2M18195667-0005230
2058	4380	2M18201328-1124159
2059	4369	2M18215390-1833483
2060	4357	2M18234612-1501159
2061	4375	2M18243862-1619464
2062	4281	2M18264494-0724054
2063	4369	2M18264551-1747096
2064	4358	2M18280206-1217422
2065	4469	2M18291535-0246211
2066	4244	2M18302377-0002426
2067	4342	2M18304997-1417537
2068	5156	2M18315085+0237527
2069	4376	2M18322777-1249395
2070	4244	2M18323758-0204441
2071	4244	2M18332753-0105285
2072	4244	2M18344458-0154398
2073	5203	2M18353396-0433071
2074	4457	2M18355686-1031504
2075	5203	2M18362562-0417574
2076	5203	2M18363633-0418171
2077	5203	2M18364602-0434060
2078	5032	2M18370339+1950559
2079	4106	2M18391104-0553361
2080	4350	2M18392371-3006385
2081	4106	2M18401190-0445207
2082	4240	2M18402040-0226408
2083	4280	2M18402150-0836265
2084	4279	2M18404634-0847445
2085	4457	2M18411589-1016542
2086	4240	2M18420805-0130388
2087	4240	2M18422326-0245209
2088	4106	2M18423165-0510569
2089	5203	2M18423569-0528456
2090	4240	2M18432561-0206165
2091	5201	2M18440465-2504243
2092	4409	2M18440688+4240500
2093	4240	2M18444227-0320234
2094	5201	2M18444303-2521347
2095	4240	2M18445290-0227346
2096	4381	2M18451301-2952432
2097	4381	2M18451472-2949316
2098	5203	2M18451966-0438074
2099	5203	2M18453083-0436516
2100	4240	2M18453419-0325432
2101	4240	2M18453580-0240470
2102	4409	2M18455914+4446228
2103	5201	2M18460467-2552540
2104	4240	2M18460678-0337057
2105	5008	2M18461958+4330159
2106	5201	2M18464542-2553093
2107	5003	2M18470850+4625344
2108	4381	2M18472524-2949544
2109	5008	2M18473099+4303375
2110	5003	2M18475173+4820002
2111	5029	2M18481628+0052410
2112	4383	2M18484077-2845136
2113	5029	2M18485365+0123016
2114	4383	2M18490024-2822591
2115	5201	2M18491527-2527361
2116	4279	2M18493219-1028385
2117	4468	2M18493505+0513544
2118	4240	2M18494734-0159257
2119	5003	2M18500790+4655577
2120	5003	2M18501749+4754152
2121	5029	2M18502700+0124143
2122	5003	2M18502740+4801118
2123	5201	2M18503814-2536505
2124	4240	2M18504586-0307032
2125	4409	2M18505237+4340120
2126	5201	2M18512406-2513033
2127	4383	2M18514723-2843506
2128	5008	2M18520290+4243165
2129	5029	2M18525864-0031500
2130	5029	2M18531548-0007457
2131	5029	2M18531644-0009178
2132	5003	2M18532301+4644089
2133	5029	2M18533370-0029500
2134	5029	2M18534182+0041222
2135	5029	2M18534305+0026394
2136	4409	2M18540206+4301087
2137	5003	2M18541762+4656470
2138	4383	2M18542367-2911502
2139	5029	2M18544163-0028457
2140	4401	2M18544916+4512355
2141	5029	2M18564491+0010087
2142	4382	2M18565178-2920088
2143	4331	2M18565583-3025539
2144	5029	2M18575192+0143329
2145	4247	2M18580407-0331429
2146	4312	2M18584871+0513130
2147	5002	2M18594944+5005024
2148	5018	2M19011754+3942333
2149	4247	2M19012187-0339378
2150	4247	2M19015467-0326551
2151	5007	2M19022788+4412564
2152	5018	2M19032704+3912189
2153	5018	2M19034663+3851589
2154	5012	2M19041599+4326516
2155	5002	2M19042911+5006281
2156	5012	2M19044257+4210424
2157	5018	2M19045800+4000320
2158	4406	2M19045950+5037063
2159	4406	2M19052100+4918016
2160	5012	2M19055854+4233459
2161	5012	2M19061267+4153412
2162	5018	2M19064098+3810042
2163	5012	2M19065678+4156568
2164	4406	2M19065925+4843276
2165	4405	2M19072789+4716062
2166	5018	2M19090308+3915360
2167	5012	2M19092223+4141089
2168	5012	2M19092666+4241596
2169	5012	2M19100323+4322437
2170	4407	2M19100840+3918551
2171	5006	2M19102282+4730049
2172	4405	2M19102780+4541185
2173	5006	2M19103161+4612017
2174	4404	2M19104120+4136011
2175	5018	2M19104985+3918486
2176	4405	2M19105867+4550367
2177	4404	2M19110844+4406544
2178	5006	2M19111194+4629197
2179	4406	2M19112619+4907162
2180	5012	2M19114482+4314114
2181	4251	2M19121634+2757498
2182	4405	2M19123630+4603326
2183	5002	2M19123808+4913052
2184	5006	2M19124608+4638467
2185	4254	2M19125035-0554066
2186	5012	2M19131615+4238302
2187	5012	2M19133024+4230532
2188	4404	2M19134154+4251250
2189	5006	2M19134338+4704252
2190	5006	2M19134546+4812261
2191	4465	2M19142173+4050166
2192	5006	2M19155436+4754093
2193	5012	2M19171771+4253298
2194	5011	2M19173208+4449333
2195	5031	2M19173869+1311126
2196	5011	2M19181303+4334258
2197	4262	2M19184759+3824238
2198	4461	2M19185446+4349258
2199	5031	2M19185859+1450376
2200	4465	2M19190180+4153127
2201	5017	2M19191633+4043261
2202	4465	2M19194614+4028248
2203	4262	2M19203184+3830492
2204	5011	2M19204751+4455299
2205	4262	2M19210116+3820299
2206	5011	2M19211761+4303143
2207	5011	2M19212357+4346168
2208	5005	2M19212505+4907433
2209	5005	2M19215508+4901246
2210	4299	2M19222466+4230507
2211	5027	2M19225710-1216384
2212	4262	2M19225746+3824509
2213	5005	2M19230176+4917057
2214	5005	2M19230995+4747431
2215	5005	2M19232258+4852023
2216	4262	2M19232622+3838017
2217	4245	2M19232816+2536524
2218	5011	2M19240412+4508216
2219	4400	2M19245882+4714573
2220	5011	2M19250570+4422164
2221	5005	2M19253344+4830538
2222	4400	2M19253651+4900461
2223	5005	2M19253754+4926459
2224	5005	2M19263097+4901487
2225	4313	2M19264903+1645386
2226	5021	2M19272341+3908368
2227	4245	2M19273211+2448251
2228	4589	2M19280887+3908038
2229	4464	2M19281219+4204097
2230	5021	2M19281362+3746342
2231	4262	2M19281391+3735313
2232	4245	2M19285825+2710582
2233	4589	2M19290115+3715011
2234	4262	2M19290475+3741535
2235	4313	2M19290666+1646128
2236	4589	2M19290694+3732057
2237	5005	2M19291313+4939534
2238	4245	2M19294882+2437202
2239	5011	2M19300946+4428465
2240	4400	2M19301580+4932086
2241	5059	2M19314236-0516338
2242	4245	2M19315229+2503438
2243	5010	2M19315326+4522100
2244	4403	2M19321460+4518384
2245	5059	2M19324743-0408253
2246	4464	2M19331961+4144248
2247	5005	2M19335157+4802331
2248	4400	2M19335825+4839411
2249	5010	2M19341524+4542537
2250	4588	2M19344669+4004481
2251	4263	2M19345659+3845475
2252	5010	2M19351083+4505545
2253	4464	2M19353513+4149543
2254	4464	2M19370697+4126128
2255	5010	2M19370891+4600153
2256	4588	2M19372623+4041269
2257	5004	2M19373645+5010195
2258	5010	2M19374094+4533044
2259	4464	2M19374854+4136052
2260	5010	2M19375479+4651497
2261	4463	2M19382420+4320002
2262	5010	2M19383668+4723194
2263	4399	2M19383737+4957227
2264	4263	2M19383951+3819588
2265	5004	2M19385987+4939200
2266	4399	2M19391260+5005409
2267	4399	2M19391342+4932430
2268	5004	2M19393129+5016009
2269	4463	2M19400881+4351320
2270	4588	2M19400944+3832454
2271	4241	2M19403250+2421574
2272	5015	2M19410358+4239045
2273	4399	2M19414029+5047283
2274	4463	2M19415749+4249137
2275	4402	2M19424010+4753315
2276	5010	2M19424358+4620380
2277	5010	2M19425094+4535231
2278	5009	2M19430724+4738340
2279	4241	2M19430973+2357587
2280	5010	2M19433540+4601121
2281	5015	2M19435218+4208014
2282	4263	2M19441242+3923418
2283	4399	2M19442066+5107373
2284	5015	2M19455813+4411055
2285	5004	2M19461524+4913334
2286	5009	2M19462567+4634541
2287	5004	2M19463207+4901489
2288	4263	2M19463571+3919069
2289	5004	2M19465880+4919564
2290	5009	2M19470089+4641337
2291	4466	2M19470993+4146266
2292	5009	2M19471820+4826361
2293	5034	2M19471872+2742013
2294	5009	2M19474802+4637450
2295	5009	2M19482323+4610167
2296	4261	2M19482611+1757445
2297	4463	2M19483366+4304263
2298	5009	2M19493509+4557168
2299	5015	2M19501015+4259122
2300	5009	2M19504667+4752442
2301	5009	2M19505417+4632558
2302	5009	2M19511911+4638522
2303	5009	2M19512999+4633340
2304	5019	2M19521424+4217461
2305	5014	2M19522728+4533483
2306	5034	2M19523584+2640027
2307	5019	2M19524246+4136076
2308	4462	2M19525474+4432210
2309	5034	2M19530613+2640382
2310	5034	2M19532544+2718094
2311	4304	2M19532695+0342088
2312	5019	2M19533739+3957336
2313	5009	2M19544561+4722537
2314	4462	2M19550924+4459335
2315	5009	2M19551419+4625123
2316	5009	2M19553480+4732194
2317	5009	2M19561769+4714505
2318	5009	2M19563448+4717305
2319	4462	2M19564877+4458058
2320	4248	2M19565189+2310302
2321	4248	2M19570402+2149576
2322	5014	2M19573304+4430269
2323	4248	2M19580626+2215595
2324	4462	2M19582581+4523265
2325	4248	2M19582637+2158113
2326	4462	2M19585518+4432267
2327	5014	2M19592721+4604265
2328	4462	2M19594944+4547497
2329	5014	2M20021021+4531535
2330	4314	2M20050301+3025227
2331	4255	2M20152355+1929372
2332	4255	2M20154959+1933249
2333	5073	2M20235998+5906159
2334	4284	2M20282710+1714049
2335	5037	2M20291298+3920203
2336	4284	2M20303855+1751401
2337	4315	2M20393462+4132326
2338	5033	2M20394599+1946538
2339	2254	2M20422359+0026423
2340	2254	2M20425822-0013163
2341	2254	2M20450058+0124076
2342	2254	2M20484546-0011369
2343	5041	2M20495506+6312130
2344	4246	2M20570745+5207200
2345	2007	2M20585798-0025235
2346	2007	2M20592476-0032225
2347	2015	2M21013090+1036226
2348	2007	2M21030492-0039555
2349	2015	2M21032618+0954121
2350	2015	2M21041301+1041379
2351	2015	2M21044456+0939317
2352	2015	2M21052348+1019325
2353	2007	2M21080138+0038218
2354	4242	2M21081720+4900002
2355	5152	2M21084459+5442122
2356	2015	2M21091889+1128259
2357	2015	2M21103722+1031375
2358	4242	2M21145434+4725487
2359	2249	2M21163956+1024425
2360	2249	2M21172431+1043319
2361	5134	2M21174995+3140331
2362	2245	2M21184131+0006548
2363	4242	2M21185951+4843000
2364	2245	2M21191063+0037287
2365	2249	2M21192225+1027568
2366	2245	2M21200108-0110348
2367	2245	2M21202968+0020527
2368	2245	2M21211268+0014125
2369	2245	2M21214362+0104352
2370	5039	2M21214606+5035435
2371	5134	2M21225566+3312498
2372	2245	2M21235723+0113054
2373	4249	2M21235785+4608527
2374	4230	2M21242815+1233389
2375	4230	2M21244430+1207152
2376	4230	2M21244807+1256152
2377	5110	2M21255263+1120382
2378	5110	2M21255390+1242480
2379	2247	2M21264686-0026105
2380	4230	2M21271569+1209524
2381	4230	2M21271916+1131460
2382	4230	2M21281167+1129166
2383	4230	2M21281796+1110512
2384	4230	2M21285695+1133029
2385	4230	2M21290865+1143361
2386	4230	2M21291331+1119302
2387	4230	2M21292196+1337417
2388	5039	2M21292498+5021196
2389	5039	2M21300190+5135592
2390	2247	2M21302490-0124518
2391	2247	2M21314367+0129000
2392	4249	2M21321014+4553539
2393	4230	2M21331478+1158322
2394	2247	2M21340016-0103533
2395	2247	2M21341396+0011012
2396	4230	2M21345151+1206057
2397	5110	2M21351096+1127406
2398	4102	2M21391140+4126037
2399	4102	2M21394731+4249041
2400	4102	2M21412860+4152460
2401	4102	2M21435294+4345433
2402	5044	2M21510489+6958176
2403	4275	2M21523747+3853140
2404	4275	2M21540296+4009382
2405	5044	2M21561547+6946231
2406	5154	2M21575787+5524266
2407	5154	2M21583314+5432489
2408	5036	2M21584515+1645597
2409	5036	2M22015121+1758532
2410	5036	2M22040397+1707552
2411	5036	2M22054258+1802502
2412	5044	2M22113967+7007318
2413	4420	2M22161177+5256226
2414	4473	2M22191464-0124172
2415	5074	2M22280420+6732577
2416	4421	2M22293388+6313421
2417	4270	2M22331751+5759568
2418	5040	2M22425145+4402254
2419	4474	2M22455859+0615499
2420	5040	2M22465710+4438251
2421	4474	2M22465745+0610244
2422	4474	2M22471767+0630302
2423	5146	2M23101115+4141286
2424	5146	2M23110452+4248483
2425	5146	2M23122431+4338394
2426	4300	2M23122582+4752360
2427	4475	2M23153523+1228576
2428	4422	2M23153792+5532278
2429	4475	2M23163428+1155057
2430	5146	2M23175126+4230065
2431	5146	2M23190903+4138360
2432	5146	2M23194184+4320492
2433	5095	2M23194591+5055191
2434	5043	2M23234588+4722000
2435	5042	2M23330216+3045138
2436	5042	2M23390401+3107274
2437	5045	2M23394134+6142156
2438	5042	2M23402388+3012297
2439	5042	2M23405068+3003554
2440	5045	2M23415332+6240513
2441	5042	2M23444639+3029190
2442	2281	2M23462374+0031179
2443	2281	2M23463898+0020433
2444	2281	2M23470524+0015448
2445	5045	2M23472128+6314530
2446	2281	2M23480688-0038233
2447	2281	2M23483553+0110001
2448	2281	2M23513529-0112552
2449	5071	2M23514555-1949274
2450	5071	2M23520796-2025439
2451	5045	2M23530547+6156205
2452	5071	2M23531705-1916084
2453	5045	2M23534963+6231136
2454	5071	2M23540560-2029395
2455	4548	2M23554035+1555351
2456	5071	2M23555549-1829202
2457	5047	2M23570665+7946254
2458	4548	2M23571510+1546377
2459	4264	2M23571885+5659355
2460	4548	2M23594193+1501119
2461	4548	2M23595667+1452170
