Location ID	Apogee ID	Binary
4128	2M13101917+1630014	0
4493	2M14485349+1320005	0
4490	2M12195090+1423003	0
4259	2M03481712+2353253	0
4483	2M13563879+3245556	0
4243	2M00302768+6314224	0
4128	2M13184533+1652457	0
4398	2M19250119+0157191	0
4480	2M03122509+0021585	0
4487	2M11452038+3447303	0
4158	2M06341937+0052508	0
4162	2M08561779+1111025	0
4158	2M06321198+0049537	0
4155	2M05335517+2729179	0
4200	2M16323915-1309444	0
4162	2M08511176+1150018	0
4526	2M18072146+6134060	0
4107	2M18160780+0145570	0
4240	2M18453248-0320005	0
4611	2M05331344-0451328	0
4244	2M18324115+0034390	0
4538	2M10412950-1248218	0
4273	2M06225348+1618098	0
4546	2M21264289+5550552	0
4336	2M17590091-2358005	0
4303	2M21110923+6734300	0
4569	2M06511471+1705515	0
4274	2M07370075-2031227	0
4284	2M20232983+1641270	0
4370	2M18091222-1452072	0
4159	2M07043999+0415094	0
4250	2M00303258+5909507	0
4612	2M05324266-0459313	0
4305	2M19373321+0740583	0
4241	2M19465938+2401036	0
4120	2M00075376+7021182	0
4572	2M06411580+1005288	0
4222	2M07422667+3706212	0
4569	2M06535371+1529472	0
4468	2M18413647+0657015	0
4102	2M21432746+4146304	0
4601	2M06190294+4205422	0
4241	2M19491862+2415440	0
4246	2M20501235+5051084	0
4529	2M08092367+8003507	0
4502	2M11472706+5402413	0
4316	2M21452341+5207120	0
4411	2M06371194+0558228	0
4151	2M04012299+5302559	0
4320	2M04373777+4715347	0
4327	2M05472548+1257001	0
4334	2M17322574-2653441	0
4482	2M13580928+2404361	0
4463	2M19394386+4308446	0
4472	2M01543856-0349504	0
4153	2M04223850+5550407	0
4358	2M18242617-1207103	0
4585	2M07074795-1537014	0
4236	2M10572592-0014497	0
4257	2M04482758+3909143	0
4200	2M16295403-1325179	0
4200	2M16295712-1338289	0
4146	2M06302363+1659333	0
4322	2M05584690+2330119	0
4151	2M03570086+5247072	0
4326	2M05411088+4624303	0
4255	2M20101369+1919551	0
4480	2M03215320+0118394	0
4146	2M06353632+1755211	0
4204	2M16505850+4815458	0
4477	2M01210892+1725542	0
4201	2M15181691+0209193	0
4128	2M13152463+1717022	0
4201	2M15202829+0011268	0
4202	2M17141567+4148443	0
4387	2M17314393-1735084	0
4230	2M21342611+1143288	0
4465	2M19235532+4049256	0
4279	2M18483858-1032236	0
4156	2M05565037+3135328	0
4245	2M19293181+2440384	0
4279	2M18453661-0903282	0
4205	2M03453832+7946339	0
4272	2M04572744+4153570	0
4107	2M18154070+0053524	0
4296	2M21060618+2807202	0
4304	2M19582542+0621231	0
4293	2M07112785-2331035	0
4486	2M12101193+4042413	0
4160	2M13442202+2845343	0
4523	2M17171599+2341546	0
4223	2M09424666+3749148	0
4440	2M13043877+5800421	0
4501	2M12231252+5736047	0
4582	2M07273459-0940267	0
4240	2M18454391-0329048	0
4611	2M05351269-0519353	0
4377	2M17575531-2142565	1
4325	2M04384713+3552569	0
4201	2M15152819+0153131	0
4433	2M11472708-0127328	0
4102	2M21400553+4236182	0
4290	2M05474074-0554084	0
4305	2M19410525+0808191	0
4249	2M21302873+4446246	0
4471	2M03200625+0932411	0
4244	2M18261249-0023053	0
4411	2M06321715+0421297	0
4548	2M23544492+1630123	0
4509	2M10483837+1613586	0
4252	2M20273410+5357129	0
4200	2M16314882-1245123	0
4151	2M04020408+5130267	0
4205	2M03443721+7819174	0
4148	2M12101331+1858068	0
4261	2M19522942+1928566	0
4126	2M12404862-0748188	0
4273	2M06165023+1701404	0
4264	2M23565259+5613331	0
4242	2M21073258+4820309	0
4325	2M04283717+3705060	0
4327	2M05513959+1210264	0
4582	2M07241417-0901495	0
4261	2M19545482+1908552	0
4119	2M00284424+6547448	0
4457	2M18420290-1055050	0
4608	2M07111010+2922563	0
4102	2M21400925+4239387	0
4241	2M19435730+2520024	0
4356	2M18110196-1750538	0
4526	2M18012354+6030037	0
4611	2M05354799-0601346	0
4154	2M05500897+2847172	0
4147	2M07383116+2130254	0
4572	2M06463106+1024102	0
4159	2M07012470+0444097	0
4490	2M12133343+1411545	0
4153	2M04220173+5617474	0
4393	2M18102575-2851184	0
4601	2M06160432+4002255	0
4383	2M18483697-2834395	0
4218	2M12201431+1341259	0
4607	2M07010067+3640045	0
4603	2M07180250+1536308	0
4149	2M06194894+3312040	0
4103	2M08192574+3229514	0
4205	2M03421595+7931453	0
4425	2M01424989+6643483	0
4586	2M03450762+3210279	0
4449	2M12051148-1749315	0
4205	2M03322027+7921348	0
4330	2M17460215-2857235	0
4126	2M12452765-0842236	0
4103	2M08105875+3304244	0
4432	2M05063098+3318005	0
4347	2M18084011-2553273	0
4515	2M13242170-0223341	0
4120	2M00314827+7045524	0
4277	2M05053522+2118044	0
4149	2M06214549+3400594	0
4162	2M08462801+1225354	0
4243	2M00260492+6339353	0
4454	2M17195996+5836121	0
4247	2M19012187-0339378	1
4353	2M17424596-3111543	0
4103	2M08174047+3205387	0
4255	2M20120596+2018227	0
4254	2M19121281-0637290	0
4441	2M11211220+5217482	0
4368	2M17164268-2810000	0
4249	2M21230102+4502533	0
4613	2M05354132-0712038	0
4566	2M05523710+1944303	0
4411	2M06371437+0548220	0
4587	2M03272215+3103337	0
4606	2M06483094+4309092	0
4246	2M20505440+5159144	0
4123	2M06121660-0122203	0
4535	2M08552898+0423579	0
4398	2M19274848+0124196	0
4156	2M05590923+3118334	0
4521	2M16311431-0013055	0
4241	2M19412222+2236074	0
4156	2M05580839+3201582	0
4469	2M18292051-0235408	0
4236	2M11003865-0002351	0
4162	2M08473917+1229489	0
4364	2M17484045-2531452	0
4230	2M21301130+1201484	0
4123	2M06152257-0158431	0
4426	2M01215102+5942193	0
4292	2M06415975-2439370	0
4581	2M06505947-0910506	0
4457	2M18364151-1015230	0
4326	2M05390205+4522274	0
4145	2M05163801+4308464	0
4146	2M06281631+1757006	0
4152	2M03542190+4929338	0
4358	2M18271517-1124232	0
4152	2M03473563+5046033	0
4204	2M16454448+4811431	0
4601	2M06164585+4024558	0
4353	2M17402141-3013147	0
4323	2M06274241+0858030	0
4611	2M05345923-0544553	0
4353	2M17394055-3055006	0
4240	2M18484397-0354012	0
4569	2M06534640+1554063	0
4481	2M13435731+1913252	0
4208	2M16142908+2258115	0
4473	2M22145393-0234296	0
4241	2M19381871+2422092	0
4200	2M16324056-1303160	0
4468	2M18460716+0552291	0
4606	2M06550253+4418506	0
4481	2M13452908+1755346	0
4209	2M16105511+5200071	0
4144	2M03400745+4517559	0
4440	2M12594173+5542041	0
4567	2M06204680+2205099	0
4353	2M17425593-3026035	0
4201	2M15215133+0143131	0
4208	2M16130275+2447089	0
4490	2M12160787+1331289	0
4501	2M12341884+5631341	0
4288	2M03114660+3955397	0
4534	2M08370038+1628370	0
4144	2M03344100+4543443	0
4160	2M13433557+2726308	0
4547	2M22090165+5104356	0
4156	2M05590419+3136149	0
4611	2M05342625-0422162	0
4342	2M18270191-1419530	0
4249	2M21283396+4611358	0
4302	2M21543826+6153188	0
4127	2M12522526+2623356	0
4495	2M15081352+2738298	0
4494	2M14581943+1753259	0
4122	2M05163692+2515258	0
4593	2M05404076+3215219	0
4401	2M19042954+4605003	0
4468	2M18503954+0631162	0
4277	2M05040048+2302006	0
4105	2M16450169+3513115	0
4478	2M02093201+1504347	0
4517	2M14165902+0453448	0
4206	2M09091639+3754042	0
4609	2M07231470+2421438	0
4242	2M21202692+4752336	0
4476	2M00434091+1850561	0
4586	2M03420102+3149132	0
4126	2M12465380-0828531	0
4102	2M21382701+4221097	0
4240	2M18453134-0349485	0
4200	2M16255017-1330231	0
4216	2M12273990+2658033	0
4291	2M07445827+1027446	0
4102	2M21403900+4326130	0
4281	2M18234116-0758047	0
4260	2M21355430+0009542	0
4273	2M06165060+1554221	0
4234	2M15304776+4319102	0
4563	2M06044629+2816038	0
4426	2M01301724+5809382	0
4126	2M12411004-0712119	0
4205	2M03504584+8026223	0
4406	2M18581358+4931415	0
4613	2M05360665-0614259	0
4231	2M14522176+3645437	0
4551	2M03171879+6149134	0
4202	2M17175475+4149338	0
4504	2M10495014+4521216	0
4241	2M19395986+2341280	0
4362	2M17405556-2109517	0
4240	2M18480166-0234580	0
4273	2M06133758+1605002	0
4417	2M01473476+5704306	0
4160	2M13423209+2823022	0
4385	2M17403174-2919490	0
4151	2M04052090+5156244	0
4161	2M14083919+2946280	0
4296	2M21041818+3033559	0
4249	2M21235896+4417278	0
4459	2M16591042-2253578	0
4436	2M14271674+0822570	0
4322	2M05572678+2306332	0
4323	2M06372356+0921376	0
4125	2M12205472-0054098	0
4363	2M18003079-2632495	0
4497	2M14534953+4157217	0
4544	2M20320470+4530312	0
4203	2M14215802-0633137	0
4155	2M05343882+2646318	0
4203	2M14231063-0453302	0
4506	2M10320774+3055529	0
4322	2M06022623+2252080	0
4568	2M05593248+1740226	0
4248	2M20025941+2125072	0
4601	2M06150094+4130102	0
4160	2M13461152+2653184	0
4160	2M13484317+2820576	0
4486	2M12182030+4002520	0
4241	2M19491492+2405149	0
4449	2M12024899-1729576	0
4149	2M06163974+3157104	0
4561	2M05502517+3427271	0
4146	2M06325063+1624329	0
4160	2M13415972+2807272	0
4272	2M05104317+4051399	0
4378	2M18053438-1730059	0
4472	2M01543816-0143343	0
4431	2M05462547+3839566	0
4400	2M19262319+4831523	0
4153	2M04214034+5435457	0
4146	2M06350748+1711259	0
4380	2M18202872-1026389	0
4286	2M00383574+5034494	0
4352	2M17340793-2746343	0
4248	2M20032925+2124277	0
4605	2M06340127+5053354	0
4593	2M05411127+3153021	0
4471	2M03244376+0844466	0
4437	2M15063680+2159497	0
4147	2M07320013+2130241	0
4105	2M16383232+3708171	0
4478	2M02060792+1248164	0
4254	2M19132625-0550156	0
4296	2M21044345+2836334	0
4123	2M06221685-0129374	0
4208	2M16125798+2330576	0
4529	2M07404403+7832355	0
4462	2M20035972+4504336	0
4245	2M19225384+2626289	0
4579	2M06405831-0508233	0
4278	2M06312809+3420076	0
4147	2M07400026+2253114	0
4242	2M21112070+4844112	0
4533	2M08132006+2746002	0
4567	2M06230541+2218103	0
4393	2M18133062-2910159	0
4155	2M05314705+2543224	0
4436	2M14333241+1002488	0
4424	2M00001877+5938132	0
4151	2M04005177+5325218	0
4473	2M22185095-0255591	0
4522	2M16575178+1122410	0
4364	2M17475169-2443153	0
4246	2M20531937+5012375	0
4401	2M18544286+4541356	0
4245	2M19313637+2659117	0
4201	2M15184346+0203074	0
4542	2M19504453+3242110	0
4255	2M20172013+1940318	0
4155	2M05343224+2644155	0
4387	2M17344122-1804537	0
4123	2M06171890-0012568	0
4128	2M13093752+1709398	1
4556	2M04162383+4504324	0
4517	2M14213414+0451188	0
4208	2M16085846+2435462	0
4244	2M18323629-0020151	0
4612	2M05305293-0415167	0
4230	2M21254376+1228497	0
4273	2M06224340+1515599	0
4611	2M05352139-0526439	0
4472	2M01595292-0256336	0
4296	2M21034475+2941341	0
4550	2M23271395+5616066	0
4292	2M06471598-2339518	0
4119	2M00234947+6534421	0
4413	AP00413788+4120501	0
4470	2M18564144-0725221	0
4273	2M06135259+1616042	0
4158	2M06325482+0055592	0
4468	2M18500181+0607054	0
4574	2M06521465+0630355	0
4411	2M06313879+0631219	0
4398	2M19275255-0020485	0
4200	2M16284402-1404155	0
4205	2M03355463+7823235	0
4331	2M18523830-2958246	0
4160	2M13422632+2805193	0
4216	2M12295223+2635373	0
4569	2M06495246+1753256	0
4241	2M19423702+2517588	0
4472	2M01523768-0355276	0
4240	2M18512248-0226024	0
4600	2M05404106+5505057	0
4308	2M01592703+4809167	0
4341	2M18135770-2058022	0
4200	2M16312774-1204013	0
5011	2M19252415+4552100	0
4121	2M04500092+5818196	0
4405	2M19120809+4556396	0
4579	2M06435624-0644338	0
4102	2M21414299+4217583	0
4268	2M19085402+1120095	0
4280	2M18400956-0750093	0
4355	2M18000582-2159448	0
4208	2M16061016+2417060	0
4309	2M02091945+5449094	0
4364	2M17464815-2521339	0
4538	2M10410357-1137588	0
4151	2M04095823+5254097	0
4146	2M06280938+1759496	0
4147	2M07390211+2029580	0
4546	2M21350667+5527043	0
4314	2M20004070+3117421	0
4521	2M16342051-0053443	0
4553	2M04070673+5839196	0
4230	2M21335234+1150104	0
4284	2M20280105+1618012	0
4144	2M03343562+4544527	0
4251	2M19075841+2700069	0
4381	2M18470358-2940257	0
4441	2M11250227+5135380	0
4241	2M19393296+2428381	0
4204	2M16405184+4641053	1
4407	2M19044897+3844334	0
4325	2M04381617+3654170	0
4230	2M21301577+1216595	0
4515	2M13272260-0212447	0
4274	2M07292450-1844505	0
4444	2M11025517+1048157	0
4219	2M13125300+1303126	0
4241	2M19404294+2353505	0
4545	2M20582732+3939163	0
4466	2M19512558+4141455	0
4499	2M14012440+5421537	0
4264	2M00035154+5703161	0
4230	2M21275000+1057290	0
4242	2M21140916+4718352	0
4203	2M14254116-0546086	0
4445	2M11482971+0213516	0
4462	2M19571299+4507306	0
4612	2M05342429-0606555	0
4447	2M13421787-0009545	0
4473	2M22120056-0202287	0
4155	2M05352170+2620582	0
4252	2M20373147+5210369	0
4317	2M23203007+6120454	0
4155	2M05283450+2625471	0
4350	2M18381231-3001566	0
4226	2M12022023+1801173	0
4612	2M05390239-0511401	0
4402	2M19452640+4814259	0
4330	2M17470331-2931348	0
4272	2M04580777+4029575	0
4241	2M19390004+2427162	0
4102	2M21455903+4117584	0
4256	2M00284241+5549411	0
4244	2M18365336-0129542	0
4439	2M14410987+5014052	0
4562	2M05245816+3004463	0
4273	2M06132106+1454237	0
4241	2M19460636+2322504	0
4407	2M19051489+3729091	0
4390	2M17331934-2517321	0
4587	2M03305254+3005529	0
4128	2M13123688+1801404	0
4257	2M04451286+3913316	0
4600	2M05370596+5255438	0
4331	2M18545512-3014562	0
4373	2M18103895-2308515	0
4555	2M04544552+5102542	0
4558	2M04302463+4029161	0
4503	2M11053052+4931055	0
4411	2M06344417+0553228	1
4522	2M17003083+1204354	0
4398	2M19260873+0133362	0
4411	2M06292357+0444333	0
4442	2M10373554+4048199	0
4509	2M10541957+1526059	0
4579	2M06504951-0538038	0
4263	2M19382388+3822003	0
4254	2M19150942-0527524	0
4310	2M02452312+6509152	0
4538	2M10451469-1200451	0
4328	2M06454894+1849485	0
4126	2M12410046-0845223	0
4490	2M12221854+1503349	0
4245	2M19242742+2508341	0
4326	2M05443835+4548224	0
4146	2M06373787+1653414	0
4159	2M06574241+0408466	0
4604	2M06094380+5712446	0
4103	2M08123741+3110260	0
4148	2M12012696+1910565	0
4433	2M11434751+0009215	0
4463	2M19442843+4230381	0
4361	2M16525817-2119521	0
4255	2M20114564+2004109	0
4123	2M06171890-0012568	0
4273	2M06143381+1456041	0
4551	2M03062774+6254388	0
4145	2M05162814+4330075	0
4590	2M00054581-0034578	0
4484	2M13370278+4031053	0
4490	2M12203177+1525081	0
4157	2M06464837+0132414	0
4119	2M00295811+6702233	0
4240	2M18471587-0235324	0
4612	2M05350873-0504407	0
4209	2M16153414+5029120	0
4161	2M14054108+2829482	0
4411	2M06273579+0541172	0
4365	2M17514773-2340063	0
4418	2M06044429+2408324	0
4490	2M12192623+1443093	0
4156	2M06005288+3012407	0
4572	2M06405292+0944544	0
4287	2M00054786+7443415	0
4550	2M23435803+5722499	0
4240	2M18512006-0217324	0
4147	2M07350774+2222153	0
4202	2M17224039+4330454	0
4273	2M06202106+1501149	0
4248	2M19583818+2233382	0
4162	2M08490575+1309284	0
4254	2M19123214-0536388	0
4613	2M05401683-0719070	0
4440	2M12534120+5636579	0
4491	2M12510924+1317020	0
4128	2M13185177+1651045	0
4579	2M06493721-0638496	0
4331	2M18523307-3057301	0
4239	2M11020529-0520506	0
4525	2M17415422+4900387	0
4606	2M06502551+4215204	0
4154	2M05473935+3020597	0
4240	2M18494902-0154161	0
4230	2M21261133+1146025	0
4128	2M13155289+1814438	0
4469	2M18251467-0451566	0
4240	2M18420402-0212580	0
4125	2M12262797-0013074	0
4612	2M05353995-0506368	0
4501	2M12272120+5632071	0
4205	2M03433599+7937141	0
4323	2M06304215+0822454	0
4158	2M06315660+0005197	0
4481	2M13453352+1747117	0
4526	2M18011634+6042292	0
4552	2M02365514+5610072	0
4603	2M07171609+1402519	0
4200	2M16311458-1149252	0
4571	2M06080745+0944003	0
4490	2M12140278+1433396	0
4531	2M07564276+5408237	0
4160	2M13433713+2831179	0
4575	2M06220902+0413214	0
4472	2M01571577-0322116	0
4160	2M13454404+2705378	0
4216	2M12273317+2717177	0
4329	2M18054062-3201576	0
4255	2M20075872+1949578	0
4146	2M06344870+1758064	0
4286	2M00294734+5202066	0
4509	2M10501925+1507138	0
4494	2M14584747+1643260	0
4410	2M18570475+4144198	0
4326	2M05420622+4716544	0
4485	2M12570340+4138130	0
4247	2M19052134-0514133	0
4263	2M19431236+3815420	0
4464	2M19363224+4100351	0
4149	2M06144116+3217478	0
4244	2M18332824-0210095	0
4257	2M04504132+3821552	0
4229	2M11454361-1137206	0
4329	2M18074687-3045379	0
4216	2M12230015+2511050	0
4246	2M20465026+5114202	0
4470	2M18550017-0544303	0
4304	2M19545517+0603242	0
4451	2M15245054+3605423	0
4258	2M06013850+1338572	0
4245	2M19341678+2620193	0
4160	2M13422299+2802149	0
4120	2M00043650+7021446	0
4241	2M19403331+2237248	0
4230	2M21293312+1212509	0
4205	2M03283657+7951380	1
4319	2M03231120+5616446	0
4586	2M03403147+3118549	0
4322	2M06052851+2303042	0
4253	2M07170481+0629003	0
4481	2M13432268+1807410	0
4429	2M04432263+5344301	0
4473	2M22203353-0210426	0
4290	2M05523515-0506208	0
4311	2M03262886+7151529	0
4454	2M17195943+5954336	0
4329	2M18070194-3217460	0
4128	2M13151549+1624426	0
4478	2M02070799+1503333	0
4103	2M08134648+3320302	0
4157	2M06500212+0253237	0
4426	2M01321303+5948574	0
4464	2M19353074+4139423	0
4160	2M13421801+2820197	0
4562	2M05193738+3047039	0
4584	2M07380969-1140012	0
4157	2M06440799+0154109	0
4240	2M18490659-0229463	0
4529	2M07535542+7918096	0
4481	2M13483313+1811369	0
4103	2M08143078+3157430	0
4247	2M19022231-0313207	0
4155	2M05345957+2610076	0
4571	2M06060838+0952387	0
4203	2M14263694-0443514	0
4241	2M19482502+2310260	0
4514	2M13032075-0351405	0
4230	2M21320540+1214116	0
4476	2M00383678+1734185	0
4328	2M06485632+1926363	0
4241	2M19425276+2304509	0
4458	2M18334372-0944541	0
4224	2M10262500+1738339	0
4210	2M13204832+7058126	0
4155	2M05323967+2526042	0
4374	2M18162581-1936097	0
4261	2M19500135+1808561	0
4200	2M16314348-1232509	0
4502	2M11564616+5534525	0
4602	2M06541108+2848419	0
4320	2M04362772+4655547	0
4412	AP00414553+4113306	0
4483	2M13504130+3156488	0
4607	2M07083266+3748496	0
4608	2M07212384+2959255	0
4215	2M13451948-1653364	0
4583	2M06543153-1243135	0
4339	2M18181812-1716475	0
4244	2M18303934+0034277	0
4154	2M05441172+2738453	0
4123	2M06135716-0110421	0
4442	2M10414032+4042244	0
4201	2M15174007-0024110	0
4577	2M06412533-0301289	0
4200	2M16303671-1155491	0
4583	2M07021065-1129178	0
4585	2M07044022-1504297	0
4286	2M00375557+5157213	0
4273	2M06161615+1431286	0
4480	2M03221715+0149485	0
4406	2M19013400+4908307	0
4220	2M15043499+3050367	0
4488	2M11375734+2645469	0
4251	2M19123733+2724276	0
4606	2M06542075+4315323	0
4222	2M07333705+3820118	0
4144	2M03273185+4702250	0
4205	2M03351056+7920382	0
4462	2M19532492+4425360	0
4491	2M12461036+1235088	0
4153	2M04163289+5507493	0
4490	2M12170596+1541409	0
4471	2M03220994+0758167	0
4230	2M21284033+1125365	0
4419	2M21562726+5947424	0
4534	2M08364038+1654224	0
4357	2M18192560-1514109	0
4411	2M06280251+0455564	0
4434	2M13261749+3804172	0
4154	2M05450255+2950299	0
4200	2M16304562-1231266	0
4200	2M16291539-1206528	0
4311	2M03204682+7150316	0
4257	2M04524933+3832531	0
4339	2M18173773-1647372	0
4326	2M05450126+4637402	0
4308	2M02051258+5020001	0
4368	2M17181566-2807213	0
4202	2M17123086+4221554	0
4255	2M20124909+1900503	0
4229	2M11462152-1042145	0
5002	2M19024553+4815088	0
4201	2M15185167+0201178	0
4241	2M19440788+2449022	0
4230	2M21322188+1242149	0
4503	2M11073837+4922560	0
4486	2M12153202+4109036	0
4291	2M07450276+1008482	0
4530	2M07381869+6626205	0
4244	2M18324540-0214289	0
4481	2M13430087+1813064	0
4208	2M16092895+2303556	0
4329	2M18035493-3141346	0
4249	2M21355281+4452408	0
4330	2M17424104-2834128	0
4280	2M18355893-0802034	0
4152	2M03420808+4903436	0
4486	2M12144146+4135192	0
4468	2M18460946+0503273	0
4279	2M18402888-0920431	0
4280	2M18370613-0759508	0
4272	2M05094493+4033592	0
4545	2M21005179+3908323	0
4250	2M00183263+5921186	0
4123	2M06150654+0016286	0
4241	2M19405280+2407011	0
4121	2M04424636+5850381	0
4253	2M07151454+0604111	0
4498	2M14464047+4522442	0
4595	2M06075823+2012026	0
4573	2M06160776+0609217	0
4121	2M04395645+5848027	0
4471	2M03242060+0758421	0
4401	2M19003422+4553436	0
4159	2M06571819+0515249	0
4144	2M03382517+4703110	0
4230	2M21304283+1159372	0
4208	2M16094168+2241423	0
4242	2M21054735+4920314	0
4522	2M16580548+0929545	0
4415	2M00504458+5832234	0
4326	2M05354305+4629128	0
4249	2M21250064+4558267	0
4586	2M03434939+3210398	0
4247	2M19033544-0443494	0
4510	2M11160510+0714143	0
4336	2M17583297-2407046	0
4106	2M18430895-0558105	0
4230	2M21293449+1133305	0
4530	2M07303754+6626327	0
4264	2M23580275+5647208	0
4121	2M04430658+5914266	0
4530	2M07471306+6620004	0
4478	2M02115916+1301198	0
4103	2M08204356+3157067	0
4582	2M07315317-0908077	0
4153	2M04132558+5526540	0
4273	2M06115326+1533509	0
4153	2M04303299+5533384	0
4315	2M20381552+4300332	0
4374	2M18214947-1942353	0
4436	2M14291691+0958401	0
4146	2M06373003+1806423	0
4200	2M16252607-1319132	0
4496	2M15071407+3123462	0
4399	2M19460251+4913014	0
4505	2M10331537+3601291	0
4423	2M23541954+6504241	0
4202	2M17134460+4433590	0
4230	2M21321566+1212086	0
4273	2M06214707+1544225	0
4496	2M15142675+3210459	0
4213	2M10203869+0156373	0
4586	2M03421591+3140345	0
4251	2M19084251+2733453	0
4245	2M19281390+2554317	0
4414	2M01064199+6758133	0
4121	2M04415778+5713285	0
4557	2M05112939+4616509	0
4102	2M21452734+4207105	0
4243	2M00215282+6159108	0
4145	2M05224425+4415270	0
4443	2M10405332+2541014	0
4437	2M14590554+2231500	0
4589	2M19292318+3821329	0
4151	2M03591747+5147014	0
4128	2M13125428+1816071	0
4269	2M20235951+3615377	0
4157	2M06452141+0348054	0
4240	2M18453677-0124551	0
4201	2M15172530+0123125	0
4217	2M00570952+8350009	0
4454	2M17205754+5932212	0
4128	2M13105210+1624486	0
4160	2M13420538+2738167	0
4221	2M07041905+3735398	0
4122	2M05155196+2450235	0
4256	2M00374214+5423531	0
4595	2M06055186+1910033	0
4411	2M06343179+0602591	0
4461	2M19235547+4324094	0
4454	2M17113733+5852343	0
4205	2M03351700+7824159	0
4575	2M06232334+0344214	0
5009	2M19473618+4814065	0
4584	2M07405011-1222434	0
4152	2M03463158+5046192	0
4493	2M14455319+1211223	0
4529	2M08055842+7848474	0
4148	2M12023604+1829563	0
4427	2M03373291+5912465	0
4291	2M07431185+0820193	0
4160	2M13431625+2633184	0
4521	2M16343923-0158287	0
4120	2M00185904+7201570	0
4516	2M13582240+0106281	0
4506	2M10351760+3040572	0
4517	2M14201453+0614328	0
4162	2M08470919+1116149	0
4204	2M16523736+4831088	0
4457	2M18351695-1027337	0
4290	2M05464481-0348318	0
4516	2M14044997+0320333	0
4390	2M17353779-2611288	0
4147	2M07370060+2254300	0
4462	2M20032827+4410523	0
4209	2M16135979+5110306	0
4545	2M21010656+4000174	0
4204	2M16505882+4638490	0
4257	2M04425541+3932465	0
4417	2M02015447+5741555	0
4295	2M08173850-1323396	0
4317	2M23342704+6053432	0
4600	2M05421013+5321282	0
4525	2M17480057+4903032	0
4415	2M00522468+5919292	0
4286	2M00373747+4938540	0
4471	2M03260502+0928509	0
4572	2M06414961+1045140	0
4273	2M06233103+1623107	0
4162	2M08562103+1236303	0
4320	2M04343025+4738050	0
4313	2M19273310+1636541	0
4487	2M11484812+3449484	0
4241	2M19375012+2324573	0
4159	2M06572320+0326140	0
4251	2M19142956+2802359	0
4254	2M19165612-0536558	0
4568	2M05512163+1636068	0
4398	2M19260174+0033262	0
4103	2M08153598+3229565	0
4567	2M06241311+2141310	0
4259	2M03431306+2439194	0
4230	2M21274355+1202081	0
4286	2M00351136+5205372	0
4547	2M21583615+5114241	0
4471	2M03202150+0847439	0
4202	2M17114381+4250038	0
4240	2M18432516-0339100	0
4586	2M03400478+3154148	0
4566	2M05502501+2126214	0
4514	2M13030926-0238445	0
4352	2M17383368-2822209	0
4490	2M12180075+1339557	0
4251	2M19164896+2707162	0
4107	2M18213825+0101369	0
4586	2M03434881+3215515	0
4148	2M12064051+1822043	0
4348	2M17393774-2318338	0
4145	2M05250726+4254518	0
4161	2M14010786+2806140	0
4470	2M18592751-0655067	0
4490	2M12193712+1533200	0
4545	2M20543785+4014308	0
4123	2M06144791-0204423	0
4538	2M10442551-1051108	0
4330	2M17483375-2902325	0
4332	2M18041492-3007088	0
4287	2M00132130+7537568	0
4492	2M13140210+1421101	0
4321	2M05212271+3600479	0
4257	2M04512298+3933363	0
4472	2M01520617-0346242	0
4400	2M19250526+4919374	0
4597	2M04440828+2728516	0
4339	2M18142505-1600354	0
4303	2M21120836+6653300	0
4204	2M16450352+4843303	0
4332	2M18042236-3004162	1
4357	2M18160767-1459460	0
4556	2M04204388+4519563	0
4200	2M16272506-1250338	0
4288	2M03150718+4020395	0
4148	2M12092847+1857183	0
4242	2M21054399+4748171	0
4352	2M17391202-2709292	0
4491	2M12491964+1206484	0
4272	2M04565079+4115020	0
4495	2M15002243+2710075	0
4590	2M00094357+0126284	0
4257	2M04470590+3935397	0
5004	2M19482724+5012032	0
4597	2M04400373+2824424	0
4122	2M05210118+2432186	0
4103	2M08182592+3043552	1
4159	2M06582722+0444222	0
4242	2M21085706+4803196	0
4200	2M16312261-1149091	0
4152	2M03464436+4943559	0
4159	2M07014690+0435561	0
4259	2M03444394+2529574	0
4361	2M16540350-2104133	0
5006	2M19172702+4803064	0
4107	2M18210677+0039009	0
4105	2M16393588+3516227	1
4231	2M14560814+3839550	0
4154	2M05420493+2837175	0
4241	2M19413395+2308449	0
4609	2M07291964+2324278	0
4610	2M07353833+1808316	0
4420	2M22171550+5308270	0
4433	2M11470461-0046040	0
4251	2M19093511+2858591	0
4259	2M03460562+2436444	0
4146	2M06283864+1715028	0
4240	2M18444687-0339398	0
4220	2M14544800+3129500	0
4523	2M17163067+2345236	0
4149	2M06203908+3215435	0
4120	2M00082229+6949146	0
4241	2M19425658+2412477	0
4148	2M12013066+1849043	0
4390	2M17343807-2557555	0
4162	2M08480285+1157534	0
4560	2M05042181+3553543	0
4501	2M12355973+5655168	0
4612	2M05325968-0443215	0
4573	2M06132604+0651403	0
5009	2M19460396+4724053	0
4407	2M19054142+3731262	0
4466	2M19570851+4037099	0
4264	2M23505273+5732546	0
4419	2M21522869+5753172	0
4536	2M09224254-0748451	0
4315	2M20504334+4305172	0
4105	2M16365433+3625247	0
4411	2M06305509+0533201	0
4286	2M00294789+5147483	0
4200	2M16282294-1140160	0
4157	2M06411133+0314166	0
4244	2M18304986-0019299	0
4268	2M19141819+1203152	0
4253	2M07140039+0741591	0
4251	2M19130399+2741494	0
4261	2M19571392+1738210	0
4251	2M19140667+2746281	0
4252	2M20281247+5343551	0
4412	AP00423216+4110279	0
4275	2M21551191+4015485	0
4215	2M13385408-1647295	0
4305	2M19371567+0841450	0
4288	2M03074745+3943147	0
4612	2M05351389-0518531	0
4528	2M15281739+8547531	0
4477	2M01273097+1749202	0
4470	2M18503349-0655219	0
4200	2M16292779-1140413	0
4236	2M10525182+0030484	0
4401	2M18540578+4520474	0
4125	2M12204659-0105079	0
4124	2M11480373+0034309	0
4468	2M18465318+0451332	0
4542	2M19420267+3158502	0
4540	2M19075725+1951160	0
4496	2M15042123+3210115	0
4204	2M16423978+4646076	0
4541	2M19404831+1534449	0
4147	2M07431758+2157340	0
4239	2M11044265-0654125	0
4517	2M14140132+0451112	0
4147	2M07363511+2027472	0
4202	2M17201632+4345556	0
4529	2M07403126+7854262	0
4242	2M21171094+4816543	0
4607	2M07030438+3538465	0
4125	2M12212701-0030560	0
4255	2M20090758+1846046	0
4572	2M06403934+0948062	0
4123	2M06201885-0125034	0
4256	2M00350536+5506012	0
4592	2M05152914+3755303	0
4151	2M04070086+5123071	0
4449	2M12030985-1820424	0
4319	2M03163067+5650299	0
4368	2M17165847-2745472	0
4508	2M10391178+1902040	0
4509	2M10565417+1426184	0
4313	2M19265425+1701274	0
4154	2M05424156+2916210	0
4499	2M14121539+5245091	0
4159	2M07044765+0342474	0
4348	2M17383976-2311502	0
4216	2M12234922+2538297	0
4249	2M21274020+4621499	0
4271	2M02285362+6031372	0
4588	2M19401466+4004598	0
4332	2M18033986-2935141	0
4214	2M11410669-1503133	0
4416	2M02183609+6536034	0
4315	2M20395369+4308081	0
4257	2M04491785+4004402	0
4230	2M21301983+1153153	0
4421	2M22423279+6238468	0
4355	2M18013121-2200498	0
4565	2M06190196+2459304	0
4413	AP00395102+4058107	0
4376	2M18330530-1252369	0
4464	2M19294013+4125007	0
4153	2M04311914+5434389	0
4552	2M02465257+5619505	0
4147	2M07395526+2201081	0
4473	2M22142613-0140185	0
4162	2M08484973+1303595	0
4202	2M17150008+4320355	0
4162	2M08530651+1214374	0
4464	2M19294569+4312339	0
4205	2M03092335+8028056	0
4372	2M16471347-1955202	0
4245	2M19291762+2659108	0
4236	2M10552537-0048469	0
4155	2M05292885+2815564	0
4208	2M16151342+2318459	0
4216	2M12264037+2722178	0
4158	2M06324601+0150472	0
4407	2M19065775+4008268	0
4553	2M04034999+5644045	0
4146	2M06272804+1711412	0
4568	2M05575590+1711432	0
4585	2M07055928-1427164	0
5004	2M19472138+4925100	0
4501	2M12165862+5738237	0
4273	2M06124982+1638073	0
4221	2M07071449+3835372	0
4560	2M05031644+3617280	0
4418	2M06064512+2524050	0
4489	2M11543355+1926588	0
4473	2M22122234-0129381	0
4455	2M17252054+5547089	0
4251	2M19152297+2638483	0
4102	2M21434404+4134127	0
4454	2M17094943+5920115	0
4369	2M18213939-1706157	0
4233	2M13522105+4232002	0
4472	2M01541452-0142134	0
4581	2M06524115-1012297	0
4149	2M06131277+3253212	0
4353	2M17425341-3012261	0
4255	2M20184736+1901539	0
4123	2M06154195-0133072	0
4353	2M17424763-2956256	0
4577	2M06332069-0302325	0
4272	2M05032794+4241075	0
4156	2M06034119+3207070	0
4275	2M21532797+4001222	0
4160	2M13464767+2825543	0
4230	2M21252559+1119054	0
4159	2M06595630+0535051	0
4593	2M05363948+3147504	0
4159	2M06563428+0455450	0
4515	2M13220731-0032181	0
4571	2M06072388+1021251	0
4606	2M06421341+4332207	0
4419	2M21562726+5947424	0
4488	2M11441823+2719482	0
4589	2M19261781+3839214	0
4539	2M11135808-0057384	0
4156	2M06070031+3040121	0
4223	2M09291487+3703190	0
4250	2M00323559+5915566	0
4520	2M16075796-1122145	0
4419	2M21484198+5737555	0
4613	2M05382348-0704447	0
4270	2M22292256+5840380	0
4126	2M12422727-0724239	0
4553	2M03574672+5706141	0
4125	2M12170968-0042550	0
4217	2M01302486+8620375	0
4120	2M00072556+7048042	0
4122	2M05123937+2448117	0
4226	2M12041086+1631333	0
4575	2M06260343+0311435	0
4464	2M19320615+4200049	0
4205	2M04043164+8011002	0
4540	2M19124769+1925334	0
4480	2M03164395+0134139	0
4281	2M18235189-0710160	0
4313	2M19285881+1742561	0
4583	2M06595589-1323028	0
4128	2M13153188+1708423	0
4554	2M03311888+5051246	0
4586	2M03453345+3145553	0
4103	2M08104194+3045426	0
4571	2M06092048+1104111	0
4536	2M09325776-0634334	0
4152	2M03504084+4842085	0
4252	2M20292167+5314493	0
4200	2M16320848-1331594	0
4272	2M05065685+4212051	0
4550	2M23335770+5813217	0
4386	2M17540395-2739107	0
4121	2M04430658+5914266	0
5002	2M18572873+4915198	0
4201	2M15173245+0202504	0
4147	2M07423383+2151569	0
4303	2M21231742+6841003	0
4157	2M06443757+0338587	0
4200	2M16312893-1357179	0
4572	2M06482817+0941591	0
4539	2M11204996-0028208	0
4327	2M05522908+1152238	0
4160	2M13414946+2821243	0
4609	2M07263018+2305250	0
4580	2M07165634-0458087	0
4120	2M00004725+7117024	0
4413	2m00500362+4207080	1
4217	2m01090173+8355445	0
4479	2m02501791+0818232	1
4288	2m03054255+3941490	0
4288	2m03130064+4025425	0
4288	2M03144795+3856563	0
4471	2M03232371+0841273	0
4311	2M03274505+6943073	1
4205	2M03283657+7951380	1
4205	2M03320943+7901322	1
4587	2M03363561+3104286	0
4586	2M03403429+3200488	0
4586	2M03464087+3217247	0
4205	2M03553407+7906559	0
4122	2M05113282+2408029	0
4612	2M05310010-0611287	0
4155	2M05341973+2752097	0
4289	2M05345669+6321293	0
4600	2M05424973+5528107	0
4564	2M05430785+2344086	0
4156	2M05590290+3101488	0
4156	2M05593050+3038112	0
4146	2M06315817+1632207	0
4572	2M06405677+0930150	0
4572	2M06411027+0933250	0
4574	2M06540975+0906449	1
4608	2M07170464+3050353	1
4609	2M07204618+2337505	0
4609	2M07254144+2459239	0
4609	2M07273481+2322247	0
4609	2M07282884+2458284	0
4147	2M07355296+2135482	0
4147	2M07400416+2100570	1
4532	2M07545875+3942481	0
4162	2M08474493+1125002	0
4162	2M08512079+1153261	0
4162	2M08541894+1239291	0
4450	2M09282191+2730441	0
4506	2M10410904+2949589	0
4236	2M10545991+0036261	0
4503	2M10594033+4947584	0
4510	2M11135772+0754224	0
4216	2M12202692+2646324	0
4125	2M12241023-0114366	0
4513	2M12244986-0204333	0
4126	2M12391544-0722215	0
4126	2M12404670-0707079	0
4126	2M12410046-0845223	0
4446	2M12415955-0239157	0
4128	2M13074627+1703308	0
4128	2M13143957+1740466	0
4515	2M13283285-0057440	0
4215	2M13401964-1644163	0
4160	2M13412973+2821299	0
4233	2M13583847+4216143	0
4482	2M13591496+2554260	0
4517	2M14195716+0545004	0
4494	2M14482190+1712442	0
4494	2M14581943+1753259	0
4220	2M14594265+3000057	1
4495	2M15012822+2731087	0
4207	2M15200435-0125536	0
4232	2M15283742+3618459	0
4200	2M16260378-1233186	0
4200	2M16323024-1257541	0
4200	2M16324492-1300124	0
4204	2M16432813+4758301	0
4204	2M16554290+4724343	0
4522	2M16571950+1136249	0
4522	2M16584672+1111276	0
4202	2M17165652+4308156	0
4202	2M17172810+4350090	0
4250	2M00230500+5803223	0
4243	2M00305850+6342410	1
4425	2M01321071+6634585	0
4478	2M02075151+1347290	1
4288	2M03100732+4033294	1
4587	2M03261467+3209453	0
4205	2M03293158+7818574	0
4586	2M03400448+3118568	0
4259	2M03420001+2501472	0
4259	2M03430552+2449285	0
4586	2M03445064+3219067	1
4586	2M03475033+3226225	0
4152	2M03514922+4849581	1
4205	2M03584558+7841217	1
4121	2M04404390+5639323	0
4257	2M04542322+3909269	0
4611	2M05321683-0548237	0
4611	2M05352989-0512103	0
4613	2M05342256-0620292	0
4613	2M05382589-0659519	0
4154	2M05412040+2947055	1
4600	2M05422354+5436050	0
4615	2M05424930-0845159	0
4418	2M06092222+2444208	1
4273	2M06194579+1611337	1
4604	2M06200432+5655313	1
4572	2M06400851+0944134	0
4617	2M06411170-0118035	0
4572	2M06412454+0937355	0
4157	2M06455815+0359470	1
4602	2M06480299+2824439	1
4221	2M07055281+3836022	1
4609	2M07314640+2338533	1
4533	2M08122111+2659393	0
4533	2M08181455+2904446	0
4162	2M08542841+1113088	1
4162	2M08544578+1218431	0
4450	2M09244403+2640593	0
4536	2M09282036-0805184	1
4442	2M10460449+3943178	1
4448	2M10545429+1718076	1
4239	2M11072686-0546170	1
4441	2M11265221+5207450	0
4449	2M11572921-1701023	1
4148	2M12080480+1707498	0
4501	2M12172421+5625036	0
4216	2M12211197+2704339	1
4490	2M12211862+1326565	0
4486	2M12212493+3957137	0
4486	2M12222948+4003372	0
4491	2M12474268+1128571	1
4127	2M12545354+2643150	0
4128	2M13101632+1711251	1
4128	2M13104194+1756207	1
4128	2M13143277+1702017	1
4160	2M13431625+2633184	0
4481	2M13484871+1913474	1
4499	2M14164478+5315488	0
4439	2M14391529+5004309	1
4494	2M14545499+1809210	0
4231	2M14550677+3816504	1
4231	2M14554424+3758270	1
4495	2M15051086+2633556	1
4520	2M16004585-0940287	0
4520	2M16005852-1220130	0
4209	2M16061986+5219060	0
4204	2M16452742+4814437	0
4372	2M16491030-2004313	1
4372	2M16503926-1938380	0
4359	2M17163639-2441463	0
4385	2M17352288-2913255	0
4385	2M17380171-2858281	0
4385	2M17380171-2858281	0
4385	2M17380171-2858281	0
4385	2M17380171-2858281	0
4385	2M17380171-2858281	0
4385	2M17380171-2858281	0
